항목,값,근거
회사명,(주)예시상사,PDF 머리에 찍힌다. 고객사마다 고친다
사업자등록번호,,숫자 열 자리. 신고서·부속명세 머리에 찍힌다. 고객사 것을 적는다
대표자,,신고서·부속명세 머리에 찍힌다
사업장 주소,,신고서·부속명세 머리에 찍힌다
전자신고세액공제,5000,조세특례제한법 제104조의8 제2항(부가세). 금액 5천원과 확정신고 한정은 시행령 제104조의5 제3항·제4항. 제1항은 소득세·법인세다. 납세자가 직접 전자신고할 때만 받는다
법인여부,예,법인이면 (20) 신용카드 발행공제가 없다
전기 과세기간 개월수,6,전기 확정신고서가 몇 개월분인가. 환산해서 비교한다
증감률 임계,30,월 평균 기준 퍼센트
부담률 임계,5,납부세액÷과세표준 전기 대비 퍼센트포인트
업태,도소매,⑤ 과세표준명세 (31)란. 고객사마다 고친다
업종코드,,⑤ 과세표준명세 (31)란. 고객사 업종코드를 적는다
종목,,⑤ 과세표준명세 (31)란. 고객사마다 고친다
관할 세무서,,⑤ 블록의 「○○ 세무서장 귀하」
생년월일,,법인은 비웁니다. 개인사업자만 적습니다
사업장 전화,,사업자 블록 전화번호 세 칸 중 첫째
주소지 전화,,없으면 비웁니다
휴대전화,,사업자 블록 전화번호 세 칸 중 셋째
전자우편,,사업자 블록 전자우편주소
면세 업태,,⑤ 제2장 (85)란. 과세분과 업종이 다르면 따로 적는다
면세 종목,,제2장 (85)란
면세 업종코드,,제2장 (85)란. 고객사 업종코드를 적는다
세무대리인 신고,아니오,예면 (19) 전자신고세액공제를 0으로 둔다. 조세특례제한법 제104조의8 제3항은 세무대리인 쪽 공제라 납세자 신고서에는 없다
