번호,검토 영역,검토 항목,검토 내용,검토 방법,판정,수행,비고
A1,결산 완결성,미분류 가계정,가지급금·가수금 등 가계정 잔액이 0이거나 사유 목록이 있을 것,일반전표에서 가계정 잔액을 뽑아 0인지 본다. 남았으면 건별 사유 목록을 받는다. 과세매입이 남아 있으면 그만큼 공제가 빠진다,확인,검토자,
A2,결산 완결성,정산 보류·유보금,플랫폼 정산 보류금이 미수금으로 계상돼 있을 것,정산내역의 보류금 합계와 외상매출금(미수금) 잔액을 대조한다,확인,검토자,
A3,결산 완결성,반품충당,월말 미배송·반품 진행분이 반영돼 있을 것,월말 기준 미배송·반품 진행 주문 목록과 반품충당 잔액을 대조한다,확인,검토자,
A4,결산 완결성,부가세 대체,부가세예수금·대급금을 미지급세금으로 대체한 분개가 있을 것,일반전표에서 대체 분개를 찾는다. 없으면 시산표와 신고서가 어긋난다,확인,검토자,
A5,결산 완결성,증빙 누락,플랫폼 수수료 세금계산서를 월별로 전부 수취했을 것,정산내역의 월별 수수료와 세금계산서 수취목록을 플랫폼별·월별로 대조해 없는 달을 낸다,확인,자동,
A6,결산 완결성,시산표,차변 합계 = 대변 합계,일반전표 차변 합계와 대변 합계를 비교한다,확인,검토자,
B1,숫자 정합성,정산 대사,정산 회차별 (총 판매금액 − 차감 항목) = 은행 입금액. 0원,"정산내역을 회차별로 풀어 은행 거래내역의 입금액과 대조한다. 차감 항목은 취소·반품, 수수료, 광고비 상계, 보류금이다",정지,검토자,
B2,숫자 정합성,잔액 대사,장부의 현금·예금 증감 = 은행 잔액 증감,일반전표의 현금·예금 계정 월별 증감과 은행 거래내역 잔액 증감을 대조한다,정지,검토자,
B3,숫자 정합성,매출 대사,배송완료 기준 주문 합계 = 장부 매출 합계,주문내역을 배송완료일 기준으로 월별·채널별 집계해 장부 매출과 대조한다. F1이 같은 대조를 자동으로 한다,정지,검토자,F1이 월 단위로 대신 본다
B4,숫자 정합성,매출 이중계상,같은 거래가 은행 입금과 매출 세금계산서로 두 번 없을 것,세금계산서 매출(유형 11)과 은행 입금을 거래처·금액으로 맞춰 매출이 두 번 잡힌 건을 찾는다,정지,검토자,
B5,숫자 정합성,불공제 반영,불공제 판정 가맹점이 공제 매입으로 없을 것,불공제 가맹점 규칙표의 가맹점이 공제 과세유형(57·61)으로 있는지 찾는다,정지,자동,rules/불공제_가맹점.csv
B6,숫자 정합성,매입 이중계상,같은 매입이 세금계산서와 카드 양쪽에 없을 것. 카드대금 결제가 매입으로 없을 것,"같은 사업자번호·금액이 유형 51과 57 양쪽에 있는지, 은행의 카드대금 출금이 매입으로 있는지 찾는다",정지,자동,
B7,숫자 정합성,총액·순액 판정,중개 채널의 판매대금이 매출에 없을 것,채널 매핑표에서 순액(중개) 채널의 판매대금이 매출 행에 있는지 찾는다. 총액·순액 자체는 계약서를 보고 매핑표에 적는 판단이다,정지,자동,rules/채널_매핑.csv
B8,숫자 정합성,차대 균형,전표 단위로 차변 합계 = 대변 합계,일반전표를 전표별로 묶어 차변합과 대변합을 비교한다,정지,검토자,B9는 결번
B10,숫자 정합성,면세 매입 분리,면세 계산서가 과세유형 51로 없을 것,세금계산서 수취목록에서 부가세 0원인 계산서가 장부에 유형 51로 있는지 찾는다,정지,자동,
C1,기간 귀속(컷오프),공급시기 기준,매출이 배송완료일 기준으로 계상돼 있을 것,매출집계의 배송완료일이 과세기간 밖인 건이 장부에 있는지 찾는다. 부가가치세법 제15조 제1항 제1호,정지,자동,
C2,기간 귀속(컷오프),기간 경계 거래,전기 마지막 주와 당기 첫 주 거래를 건수·금액으로 따로 볼 것,주문내역에서 두 주간을 배송완료일 기준으로 뽑아 건수와 금액을 따로 본다,확인,검토자,
C3,기간 귀속(컷오프),기준일 결측,배송완료일이 빈 건을 미분류로 목록화할 것,주문내역에서 배송완료일 공란 건을 뽑아 목록으로 본다. 0건이어야 통과가 아니다,확인,검토자,
C4,기간 귀속(컷오프),정산회차 분할,월을 걸친 정산 회차가 월별로 나뉘어 있을 것,정산 회차의 기간이 월을 걸치면 장부에 월별로 나뉘어 계상됐는지 본다,확인,검토자,
C5,기간 귀속(컷오프),입금 시차,월말 매출의 익월 입금을 차이가 아니라 시차로 분류할 것,월말 매출의 입금이 익월 은행 거래내역에 있는지 확인해 시차로 분류한다,확인,검토자,
D1,분석적 검토,계정별 증감률,전기 대비 ±30퍼센트 초과 계정을 볼 것,전기 장부와 계정별 합계를 비교해 임계를 넘는 계정을 본다,확인,검토자,rules/임계값.csv
D2,분석적 검토,신규 거래처,전기에 없던 거래처를 목록화할 것,전기 장부에 없는 거래처를 낸다. 전기 장부에 사업자번호 열이 있으면 사업자번호로 맞추고 없으면 거래처명으로 맞춘다,확인,자동,
D3,분석적 검토,단일 금액 이상치,계정별 상위 5건을 볼 것,계정별 금액 상위 5건을 뽑아 증빙을 본다,확인,검토자,rules/임계값.csv
D4,분석적 검토,전기와 다른 분류,같은 거래처·품목의 계정이 전기와 같을 것,전기 장부와 거래처·품목별 계정을 대조해 바뀐 건을 본다,확인,검토자,
E1,데이터 간 연결성,식별자 표기 통일,주문번호·사업자번호 표기를 통일한 뒤 대조할 것,접두어·하이픈·공백을 정리한 뒤 매칭 건수가 얼마나 늘었는지 본다. 규칙으로 다 못 잡으므로 남은 미매칭 목록은 사람이 본다,확인,검토자,
E2,데이터 간 연결성,허용 오차,원 단위 반올림 차이를 임계로 따로 셀 것,임계값 이내 차이를 따로 세어 실제 차이와 구분한다,확인,검토자,rules/임계값.csv
E3,데이터 간 연결성,거래처 마스터,장부의 사업자번호가 거래처 마스터에 전부 있을 것,사업자번호 공란과 마스터 미등록 거래처를 낸다,정지(공란) · 확인(미등록),자동,
F1,원천자료 정합성,원천자료 누락,원천자료 매출 집계 = 장부 매출 집계. 일자·채널·과세구분,매출집계와 장부 매출을 월별·채널·과세구분으로 대조하고 차이가 있으면 일자로 좁힌다,정지,자동,월 단위로 먼저 보고 일자로 좁힌다
F2,원천자료 정합성,전표 종류 오분류,부가세 걸린 매입이 매입매출전표에 있을 것. 고정자산이 고정자산매입란으로 가는 계정에 있을 것,세금계산서 수취목록과 매입매출장을 일자·사업자번호·금액으로 대조해 일반전표로 간 건과 품명에 고정자산이 적혔는데 일반매입 계정인 건을 낸다,정지,자동,rules/고정자산_계정.csv
H1,세액·분류 정확성,세액 정합,행별 부가세 = 공급가액 × 10퍼센트 (11·17·22·51·57·61). 영세 16 · 면세 13·18·23 · 계산서 53은 세액 0,매입매출장 행별로 부가세와 공급가액의 10퍼센트 차이를 계산해 임계를 넘는 행과 영세·면세에 세액이 붙은 행을 본다,정지,검토자,임계 안 반올림 잔차는 통과. rules/임계값.csv 세액 정합 임계
H2,세액·분류 정확성,과세유형 정합,증빙 종류·전자여부·결제수단과 과세유형 코드가 맞을 것,행별 증빙 종류(전자세금계산서·카드·현금영수증)와 과세유형 코드를 대조한다,정지,검토자,
H3,세액·분류 정확성,증빙 간 중복,같은 사업자번호·금액이 세금계산서·카드·현금영수증 중 둘 이상에 없을 것,세 원천자료에서 같은 사업자번호·금액이 일자 ±3일 안에 둘 이상 있는지 찾는다,정지,검토자,B6을 원천자료까지 넓힌 것
