tx_id,account_id,bank,account_alias,tx_date,tx_time,description,counterparty,deposit,withdrawal,balance,currency
TX0001,A1,신한은행,주거래,2026-08-03,09:46:44,사무용품 구입,운영,0,322500,3412227500,KRW
TX0002,A1,신한은행,주거래,2026-08-03,10:07:35,퀵서비스 요금,운영,0,1216900,3411010600,KRW
TX0003,A1,신한은행,주거래,2026-08-03,10:20:54,식대 정산,운영,0,1430600,3409580000,KRW
TX0004,A1,신한은행,주거래,2026-08-03,10:31:52,사무용품 구입,운영,0,1349000,3408231000,KRW
TX0005,A1,신한은행,주거래,2026-08-03,11:03:28,(주)한진 택배비,(주)한진,0,2843100,3405387900,KRW
TX0006,A1,신한은행,주거래,2026-08-03,11:06:37,CJ대한통운 운임,CJ대한통운,0,2568400,3402819500,KRW
TX0007,A1,신한은행,주거래,2026-08-03,11:09:17,(주)가람바이오 원료대금,(주)가람바이오,0,102590900,3300228600,KRW
TX0008,A1,신한은행,주거래,2026-08-03,11:10:42,쿠팡(주) 정산,쿠팡(주),47603800,0,3347832400,KRW
TX0009,A1,신한은행,주거래,2026-08-03,11:45:05,고객 반품 환불,고객,0,223700,3347608700,KRW
TX0010,A1,신한은행,주거래,2026-08-03,12:30:37,고객 반품 환불,고객,0,59300,3347549400,KRW
TX0011,A1,신한은행,주거래,2026-08-03,12:59:52,택시·주차비 정산,운영,0,1774200,3345775200,KRW
TX0012,A1,신한은행,주거래,2026-08-03,13:06:31,고객 반품 환불,고객,0,110300,3345664900,KRW
TX0013,A1,신한은행,주거래,2026-08-03,13:27:00,네이버파이낸셜(주) 정산,네이버파이낸셜(주),22769400,0,3368434300,KRW
TX0014,A1,신한은행,주거래,2026-08-03,13:43:28,(주)다온용기 부자재대금,(주)다온용기,0,115882600,3252551700,KRW
TX0015,A1,신한은행,주거래,2026-08-03,13:59:51,네이버파이낸셜(주) 정산,네이버파이낸셜(주),42532100,0,3295083800,KRW
TX0016,A1,신한은행,주거래,2026-08-03,14:31:28,택시·주차비 정산,운영,0,1593700,3293490100,KRW
TX0017,A1,신한은행,주거래,2026-08-03,14:43:32,택시·주차비 정산,운영,0,1503100,3291987000,KRW
TX0018,A1,신한은행,주거래,2026-08-03,15:28:25,식대 정산,운영,0,388100,3291598900,KRW
TX0019,A1,신한은행,주거래,2026-08-03,16:41:06,쿠팡(주) 정산,쿠팡(주),10246600,0,3301845500,KRW
TX0020,A1,신한은행,주거래,2026-08-03,17:19:09,(주)지마켓 정산,(주)지마켓,54334200,0,3356179700,KRW
TX0021,A1,신한은행,주거래,2026-08-04,10:16:04,퀵서비스 요금,운영,0,396000,3355783700,KRW
TX0022,A1,신한은행,주거래,2026-08-04,10:36:35,(주)라온패키지 부자재대금,(주)라온패키지,0,50420500,3305363200,KRW
TX0023,A1,신한은행,주거래,2026-08-04,11:03:25,(주)씨제이올리브영 대금,(주)씨제이올리브영,13454500,0,3318817700,KRW
TX0024,A2,하나은행,수출대금,2026-08-04,12:09:25,PAYPAL 해외정산,PAYPAL,6374400,0,492674400,KRW
TX0025,A1,신한은행,주거래,2026-08-04,13:14:03,사무용품 구입,운영,0,973500,3317844200,KRW
TX0026,A1,신한은행,주거래,2026-08-04,13:35:45,(주)무신사 정산,(주)무신사,11346400,0,3329190600,KRW
TX0027,A1,신한은행,주거래,2026-08-04,14:02:40,(주)다온용기 부자재대금,(주)다온용기,0,77248100,3251942500,KRW
TX0028,A1,신한은행,주거래,2026-08-04,14:14:18,샘플 발송비,운영,0,1086600,3250855900,KRW
TX0029,A1,신한은행,주거래,2026-08-04,14:25:04,쿠팡(주) 정산,쿠팡(주),45512600,0,3296368500,KRW
TX0030,A1,신한은행,주거래,2026-08-04,14:32:13,쿠팡(주) 정산,쿠팡(주),10281100,0,3306649600,KRW
TX0031,A1,신한은행,주거래,2026-08-04,14:47:11,(주)씨제이올리브영 대금,(주)씨제이올리브영,11257500,0,3317907100,KRW
TX0032,A1,신한은행,주거래,2026-08-04,14:56:22,CJ대한통운 운임,CJ대한통운,0,5043800,3312863300,KRW
TX0033,A1,신한은행,주거래,2026-08-04,16:10:12,(주)지마켓 정산,(주)지마켓,23781200,0,3336644500,KRW
TX0034,A1,신한은행,주거래,2026-08-04,16:41:10,네이버 검색광고,광고,0,13260600,3323383900,KRW
TX0035,A1,신한은행,주거래,2026-08-04,16:55:32,(주)씨제이올리브영 대금,(주)씨제이올리브영,22373600,0,3345757500,KRW
TX0036,A1,신한은행,주거래,2026-08-05,09:10:00,(주)테헤란빌딩 임차료,(주)테헤란빌딩,0,38500000,3307257500,KRW
TX0037,A1,신한은행,주거래,2026-08-05,09:19:45,고객 반품 환불,고객,0,113100,3307144400,KRW
TX0038,A1,신한은행,주거래,2026-08-05,10:28:22,고객 반품 환불,고객,0,150200,3306994200,KRW
TX0039,A1,신한은행,주거래,2026-08-05,11:25:45,디자인 외주비,운영,0,373600,3306620600,KRW
TX0040,A1,신한은행,주거래,2026-08-05,11:43:08,쿠팡(주) 정산,쿠팡(주),22727400,0,3329348000,KRW
TX0041,A1,신한은행,주거래,2026-08-05,11:43:27,사무용품 구입,운영,0,1126400,3328221600,KRW
TX0042,A1,신한은행,주거래,2026-08-05,11:50:16,택시·주차비 정산,운영,0,80800,3328140800,KRW
TX0043,A1,신한은행,주거래,2026-08-05,12:28:19,(주)무신사 정산,(주)무신사,53799600,0,3381940400,KRW
TX0044,A1,신한은행,주거래,2026-08-05,13:46:14,(주)한진 택배비,(주)한진,0,2926700,3379013700,KRW
TX0045,A1,신한은행,주거래,2026-08-05,14:54:50,퀵서비스 요금,운영,0,324100,3378689600,KRW
TX0046,A1,신한은행,주거래,2026-08-05,14:54:52,쿠팡(주) 정산,쿠팡(주),54983400,0,3433673000,KRW
TX0047,A1,신한은행,주거래,2026-08-05,15:45:54,사무용품 구입,운영,0,1176500,3432496500,KRW
TX0048,A1,신한은행,주거래,2026-08-05,15:58:41,(주)다온용기 부자재대금,(주)다온용기,0,76394700,3356101800,KRW
TX0049,A1,신한은행,주거래,2026-08-05,16:20:36,네이버파이낸셜(주) 정산,네이버파이낸셜(주),25980700,0,3382082500,KRW
TX0050,A1,신한은행,주거래,2026-08-05,16:46:05,CJ대한통운 운임,CJ대한통운,0,6749100,3375333400,KRW
TX0051,A1,신한은행,주거래,2026-08-05,17:39:04,고객 반품 환불,고객,0,199900,3375133500,KRW
TX0052,A2,하나은행,수출대금,2026-08-05,17:57:14,PAYPAL 해외정산,PAYPAL,7366900,0,500041300,KRW
TX0053,A1,신한은행,주거래,2026-08-06,09:21:00,쿠팡(주) 정산,쿠팡(주),35008100,0,3410141600,KRW
TX0054,A1,신한은행,주거래,2026-08-06,09:52:05,(주)지마켓 정산,(주)지마켓,11392600,0,3421534200,KRW
TX0055,A2,하나은행,수출대금,2026-08-06,10:01:02,PAYPAL 해외정산,PAYPAL,6196300,0,506237600,KRW
TX0056,A1,신한은행,주거래,2026-08-06,10:16:33,(주)씨제이올리브영 대금,(주)씨제이올리브영,20478000,0,3442012200,KRW
TX0057,A1,신한은행,주거래,2026-08-06,11:22:41,디자인 외주비,운영,0,448000,3441564200,KRW
TX0058,A1,신한은행,주거래,2026-08-06,12:00:18,택시·주차비 정산,운영,0,1526400,3440037800,KRW
TX0059,A1,신한은행,주거래,2026-08-06,12:18:08,식대 정산,운영,0,1123800,3438914000,KRW
TX0060,A1,신한은행,주거래,2026-08-06,12:31:45,정수기 렌탈료,운영,0,553800,3438360200,KRW
TX0061,A2,하나은행,수출대금,2026-08-06,12:44:22,"SWIFT IN VELVET SUPPLY KK JPY 812,372.00",VELVET SUPPLY KK,7634544,0,513872144,KRW
TX0062,A1,신한은행,주거래,2026-08-06,13:39:12,(주)다온용기 부자재대금,(주)다온용기,0,85317500,3353042700,KRW
TX0063,A1,신한은행,주거래,2026-08-06,14:05:35,정수기 렌탈료,운영,0,817100,3352225600,KRW
TX0064,A1,신한은행,주거래,2026-08-06,15:07:30,디자인 외주비,운영,0,1473500,3350752100,KRW
TX0065,A1,신한은행,주거래,2026-08-06,15:17:17,퀵서비스 요금,운영,0,1303700,3349448400,KRW
TX0066,A1,신한은행,주거래,2026-08-06,16:57:51,(주)가람바이오 원료대금,(주)가람바이오,0,115623500,3233824900,KRW
TX0067,A1,신한은행,주거래,2026-08-06,17:03:53,(주)지마켓 정산,(주)지마켓,53176100,0,3287001000,KRW
TX0068,A1,신한은행,주거래,2026-08-06,17:10:39,쿠팡(주) 정산,쿠팡(주),47208500,0,3334209500,KRW
TX0069,A1,신한은행,주거래,2026-08-06,17:48:24,CJ대한통운 운임,CJ대한통운,0,7048200,3327161300,KRW
TX0070,A1,신한은행,주거래,2026-08-07,09:59:21,(주)씨제이올리브영 대금,(주)씨제이올리브영,31706600,0,3358867900,KRW
TX0071,A1,신한은행,주거래,2026-08-07,09:59:38,KT 통신요금,운영,0,1354400,3357513500,KRW
TX0072,A1,신한은행,주거래,2026-08-07,12:13:31,(주)다온용기 부자재대금,(주)다온용기,0,99792100,3257721400,KRW
TX0073,A2,하나은행,수출대금,2026-08-07,12:24:23,"SWIFT IN BLOOM LAB SARL EUR 9,465.15",BLOOM LAB SARL,15325008,0,529197152,KRW
TX0074,A1,신한은행,주거래,2026-08-07,14:03:58,쿠팡(주) 정산,쿠팡(주),29886000,0,3287607400,KRW
TX0075,A1,신한은행,주거래,2026-08-07,14:51:38,디자인 외주비,운영,0,1396300,3286211100,KRW
TX0076,A1,신한은행,주거래,2026-08-07,15:02:48,카카오페이(주) 정산,카카오페이(주),35315400,0,3321526500,KRW
TX0077,A1,신한은행,주거래,2026-08-07,15:17:18,(주)무신사 정산,(주)무신사,36878100,0,3358404600,KRW
TX0078,A1,신한은행,주거래,2026-08-07,15:33:26,샘플 발송비,운영,0,461600,3357943000,KRW
TX0079,A2,하나은행,수출대금,2026-08-07,17:42:41,PAYPAL 해외정산,PAYPAL,4624000,0,533821152,KRW
TX0080,A1,신한은행,주거래,2026-08-10,09:20:00,계좌이체 급여·세금 계좌로,내부이체,0,95000000,3262943000,KRW
TX0081,A3,KB국민은행,급여·세금,2026-08-10,09:20:00,계좌이체 주거래 계좌에서,내부이체,95000000,0,393740000,KRW
TX0082,A3,KB국민은행,급여·세금,2026-08-10,09:54:05,국세 원천세 납부,국세청·공단,0,21437000,372303000,KRW
TX0083,A3,KB국민은행,급여·세금,2026-08-10,10:07:10,건강보험 납부,국세청·공단,0,16702300,355600700,KRW
TX0084,A1,신한은행,주거래,2026-08-10,10:09:35,네이버파이낸셜(주) 정산,네이버파이낸셜(주),22612800,0,3285555800,KRW
TX0085,A3,KB국민은행,급여·세금,2026-08-10,10:23:39,고용보험 납부,국세청·공단,0,4318900,351281800,KRW
TX0086,A1,신한은행,주거래,2026-08-10,11:06:37,카카오페이(주) 정산,카카오페이(주),20524900,0,3306080700,KRW
TX0087,A1,신한은행,주거래,2026-08-10,12:11:26,KT 통신요금,운영,0,1500000,3304580700,KRW
TX0088,A1,신한은행,주거래,2026-08-10,12:28:29,샘플 발송비,운영,0,1340200,3303240500,KRW
TX0089,A3,KB국민은행,급여·세금,2026-08-10,13:15:42,지방소득세 납부,국세청·공단,0,2143700,349138100,KRW
TX0090,A1,신한은행,주거래,2026-08-10,13:21:51,식대 정산,운영,0,785900,3302454600,KRW
TX0091,A1,신한은행,주거래,2026-08-10,13:56:58,고객 반품 환불,고객,0,63200,3302391400,KRW
TX0092,A1,신한은행,주거래,2026-08-10,13:58:30,디자인 외주비,운영,0,1813400,3300578000,KRW
TX0093,A1,신한은행,주거래,2026-08-10,14:05:05,메타 광고비,광고,0,11418400,3289159600,KRW
TX0094,A1,신한은행,주거래,2026-08-10,14:25:13,정수기 렌탈료,운영,0,55400,3289104200,KRW
TX0095,A1,신한은행,주거래,2026-08-10,14:29:06,퀵서비스 요금,운영,0,1675900,3287428300,KRW
TX0096,A1,신한은행,주거래,2026-08-10,15:00:57,(주)지마켓 정산,(주)지마켓,33920800,0,3321349100,KRW
TX0097,A1,신한은행,주거래,2026-08-10,15:24:39,(주)라온패키지 부자재대금,(주)라온패키지,0,66486900,3254862200,KRW
TX0098,A1,신한은행,주거래,2026-08-10,16:11:24,고객 반품 환불,고객,0,248300,3254613900,KRW
TX0099,A1,신한은행,주거래,2026-08-10,16:30:40,나래코스텍(주) 제품매입,나래코스텍(주),0,31525500,3223088400,KRW
TX0100,A1,신한은행,주거래,2026-08-10,16:31:47,(주)한진 택배비,(주)한진,0,2138600,3220949800,KRW
TX0101,A1,신한은행,주거래,2026-08-10,16:32:58,카카오페이(주) 정산,카카오페이(주),7843600,0,3228793400,KRW
TX0102,A1,신한은행,주거래,2026-08-10,16:35:41,KT 통신요금,운영,0,1377500,3227415900,KRW
TX0103,A3,KB국민은행,급여·세금,2026-08-10,16:59:45,국민연금 납부,국세청·공단,0,18926400,330211700,KRW
TX0104,A1,신한은행,주거래,2026-08-10,17:53:07,(주)다온용기 부자재대금,(주)다온용기,0,25772900,3201643000,KRW
TX0105,A1,신한은행,주거래,2026-08-11,09:15:02,(주)무신사 정산,(주)무신사,35049400,0,3236692400,KRW
TX0106,A1,신한은행,주거래,2026-08-11,09:34:46,디자인 외주비,운영,0,880200,3235812200,KRW
TX0107,A1,신한은행,주거래,2026-08-11,10:03:04,(주)지마켓 정산,(주)지마켓,51916100,0,3287728300,KRW
TX0108,A1,신한은행,주거래,2026-08-11,10:16:12,(주)지마켓 정산,(주)지마켓,11609400,0,3299337700,KRW
TX0109,A1,신한은행,주거래,2026-08-11,10:31:26,디자인 외주비,운영,0,700900,3298636800,KRW
TX0110,A2,하나은행,수출대금,2026-08-11,10:45:09,"SWIFT IN LUMI SHOP LLC USD 10,018.15",LUMI SHOP LLC,13887192,0,547708344,KRW
TX0111,A1,신한은행,주거래,2026-08-11,10:59:29,고객 반품 환불,고객,0,256700,3298380100,KRW
TX0112,A1,신한은행,주거래,2026-08-11,11:56:31,(주)지마켓 정산,(주)지마켓,51203000,0,3349583100,KRW
TX0113,A2,하나은행,수출대금,2026-08-11,12:27:17,PAYPAL 해외정산,PAYPAL,7570400,0,555278744,KRW
TX0114,A1,신한은행,주거래,2026-08-11,12:49:01,(주)한진 택배비,(주)한진,0,2250100,3347333000,KRW
TX0115,A1,신한은행,주거래,2026-08-11,13:33:09,퀵서비스 요금,운영,0,285500,3347047500,KRW
TX0116,A1,신한은행,주거래,2026-08-11,13:59:41,네이버파이낸셜(주) 정산,네이버파이낸셜(주),14619400,0,3361666900,KRW
TX0117,A1,신한은행,주거래,2026-08-11,15:28:48,고객 반품 환불,고객,0,62600,3361604300,KRW
TX0118,A1,신한은행,주거래,2026-08-11,15:52:20,CJ대한통운 운임,CJ대한통운,0,7652900,3353951400,KRW
TX0119,A1,신한은행,주거래,2026-08-11,16:36:33,(주)지마켓 정산,(주)지마켓,27139700,0,3381091100,KRW
TX0120,A1,신한은행,주거래,2026-08-11,16:41:09,카카오페이(주) 정산,카카오페이(주),43543300,0,3424634400,KRW
TX0121,A1,신한은행,주거래,2026-08-11,16:45:23,고객 반품 환불,고객,0,301800,3424332600,KRW
TX0122,A1,신한은행,주거래,2026-08-11,17:01:44,네이버 검색광고,광고,0,3279700,3421052900,KRW
TX0123,A1,신한은행,주거래,2026-08-11,17:33:35,(주)가람바이오 원료대금,(주)가람바이오,0,53367600,3367685300,KRW
TX0124,A2,하나은행,수출대금,2026-08-12,10:09:53,PAYPAL 해외정산,PAYPAL,4775900,0,560054644,KRW
TX0125,A1,신한은행,주거래,2026-08-12,10:22:00,나래코스텍(주) 제품매입,나래코스텍(주),0,80064500,3287620800,KRW
TX0126,A1,신한은행,주거래,2026-08-12,10:49:25,사무용품 구입,운영,0,80600,3287540200,KRW
TX0127,A1,신한은행,주거래,2026-08-12,11:33:15,(주)가람바이오 원료대금,(주)가람바이오,0,90513600,3197026600,KRW
TX0128,A1,신한은행,주거래,2026-08-12,11:38:13,정수기 렌탈료,운영,0,821200,3196205400,KRW
TX0129,A1,신한은행,주거래,2026-08-12,12:31:19,(주)지마켓 정산,(주)지마켓,37868300,0,3234073700,KRW
TX0130,A1,신한은행,주거래,2026-08-12,13:09:38,퀵서비스 요금,운영,0,449300,3233624400,KRW
TX0131,A1,신한은행,주거래,2026-08-12,13:23:57,(주)라온패키지 부자재대금,(주)라온패키지,0,68846000,3164778400,KRW
TX0132,A1,신한은행,주거래,2026-08-12,14:47:34,(주)씨제이올리브영 대금,(주)씨제이올리브영,20645200,0,3185423600,KRW
TX0133,A1,신한은행,주거래,2026-08-12,15:57:51,CJ대한통운 운임,CJ대한통운,0,6124700,3179298900,KRW
TX0134,A1,신한은행,주거래,2026-08-12,16:17:00,네이버파이낸셜(주) 정산,네이버파이낸셜(주),23043500,0,3202342400,KRW
TX0135,A1,신한은행,주거래,2026-08-12,16:44:25,메타 광고비,광고,0,3613200,3198729200,KRW
TX0136,A1,신한은행,주거래,2026-08-12,17:29:12,고객 반품 환불,고객,0,116700,3198612500,KRW
TX0137,A1,신한은행,주거래,2026-08-12,17:51:12,정수기 렌탈료,운영,0,287300,3198325200,KRW
TX0138,A1,신한은행,주거래,2026-08-12,17:52:07,고객 반품 환불,고객,0,268100,3198057100,KRW
TX0139,A1,신한은행,주거래,2026-08-12,17:53:09,(주)무신사 정산,(주)무신사,25004300,0,3223061400,KRW
TX0140,A1,신한은행,주거래,2026-08-13,09:19:37,(주)다온용기 부자재대금,(주)다온용기,0,102010100,3121051300,KRW
TX0141,A1,신한은행,주거래,2026-08-13,10:19:46,카카오페이(주) 정산,카카오페이(주),48591100,0,3169642400,KRW
TX0142,A1,신한은행,주거래,2026-08-13,10:40:02,네이버 검색광고,광고,0,12244100,3157398300,KRW
TX0143,A1,신한은행,주거래,2026-08-13,12:34:02,고객 반품 환불,고객,0,308700,3157089600,KRW
TX0144,A1,신한은행,주거래,2026-08-13,13:05:03,(주)씨제이올리브영 대금,(주)씨제이올리브영,20688200,0,3177777800,KRW
TX0145,A2,하나은행,수출대금,2026-08-13,13:14:45,PAYPAL 해외정산,PAYPAL,4788700,0,564843344,KRW
TX0146,A1,신한은행,주거래,2026-08-13,13:28:42,사무용품 구입,운영,0,1494700,3176283100,KRW
TX0147,A1,신한은행,주거래,2026-08-13,14:00:58,KT 통신요금,운영,0,550700,3175732400,KRW
TX0148,A1,신한은행,주거래,2026-08-13,14:27:51,카카오페이(주) 정산,카카오페이(주),52815000,0,3228547400,KRW
TX0149,A1,신한은행,주거래,2026-08-13,14:41:34,사무용품 구입,운영,0,802900,3227744500,KRW
TX0150,A1,신한은행,주거래,2026-08-13,15:21:58,(주)무신사 정산,(주)무신사,20868600,0,3248613100,KRW
TX0151,A1,신한은행,주거래,2026-08-13,15:27:54,고객 반품 환불,고객,0,97800,3248515300,KRW
TX0152,A1,신한은행,주거래,2026-08-13,15:37:48,(주)지마켓 정산,(주)지마켓,40115400,0,3288630700,KRW
TX0153,A1,신한은행,주거래,2026-08-13,16:10:20,고객 반품 환불,고객,0,95100,3288535600,KRW
TX0154,A1,신한은행,주거래,2026-08-13,16:15:35,쿠팡(주) 정산,쿠팡(주),42005200,0,3330540800,KRW
TX0155,A1,신한은행,주거래,2026-08-13,16:26:53,CJ대한통운 운임,CJ대한통운,0,4170800,3326370000,KRW
TX0156,A1,신한은행,주거래,2026-08-13,17:14:46,디자인 외주비,운영,0,1697600,3324672400,KRW
TX0157,A1,신한은행,주거래,2026-08-13,17:34:46,카카오페이(주) 정산,카카오페이(주),42559900,0,3367232300,KRW
TX0158,A1,신한은행,주거래,2026-08-14,09:00:56,쿠팡(주) 정산,쿠팡(주),30277500,0,3397509800,KRW
TX0159,A1,신한은행,주거래,2026-08-14,09:42:55,택시·주차비 정산,운영,0,1399400,3396110400,KRW
TX0160,A1,신한은행,주거래,2026-08-14,10:00:00,신한카드 결제대금,신한카드,0,67456500,3328653900,KRW
TX0161,A1,신한은행,주거래,2026-08-14,10:33:09,(주)무신사 정산,(주)무신사,48188100,0,3376842000,KRW
TX0162,A1,신한은행,주거래,2026-08-14,11:08:54,고객 반품 환불,고객,0,90200,3376751800,KRW
TX0163,A1,신한은행,주거래,2026-08-14,12:19:11,CJ대한통운 운임,CJ대한통운,0,5574700,3371177100,KRW
TX0164,A1,신한은행,주거래,2026-08-14,12:53:45,KT 통신요금,운영,0,960600,3370216500,KRW
TX0165,A2,하나은행,수출대금,2026-08-14,14:10:05,PAYPAL 해외정산,PAYPAL,8620400,0,573463744,KRW
TX0166,A1,신한은행,주거래,2026-08-14,14:43:23,(주)라온패키지 부자재대금,(주)라온패키지,0,119640400,3250576100,KRW
TX0167,A1,신한은행,주거래,2026-08-14,15:11:47,식대 정산,운영,0,375700,3250200400,KRW
TX0168,A1,신한은행,주거래,2026-08-14,15:17:58,정수기 렌탈료,운영,0,1390600,3248809800,KRW
TX0169,A1,신한은행,주거래,2026-08-14,15:53:33,네이버파이낸셜(주) 정산,네이버파이낸셜(주),48467900,0,3297277700,KRW
TX0170,A1,신한은행,주거래,2026-08-14,16:02:28,네이버파이낸셜(주) 정산,네이버파이낸셜(주),52481700,0,3349759400,KRW
TX0171,A1,신한은행,주거래,2026-08-14,16:34:49,카카오페이(주) 정산,카카오페이(주),22030100,0,3371789500,KRW
TX0172,A1,신한은행,주거래,2026-08-14,17:28:00,(주)지마켓 정산,(주)지마켓,26552100,0,3398341600,KRW
TX0173,A1,신한은행,주거래,2026-08-14,17:52:16,(주)지마켓 정산,(주)지마켓,52386800,0,3450728400,KRW
TX0174,A1,신한은행,주거래,2026-08-14,17:52:21,(주)한진 택배비,(주)한진,0,3932900,3446795500,KRW
TX0175,A1,신한은행,주거래,2026-08-14,17:53:47,사무용품 구입,운영,0,247400,3446548100,KRW
TX0176,A1,신한은행,주거래,2026-08-18,09:02:56,사무용품 구입,운영,0,1249000,3445299100,KRW
TX0177,A2,하나은행,수출대금,2026-08-18,09:29:20,"SWIFT IN AURORA HAUS LLC USD 14,344.42",AURORA HAUS LLC,19892054,0,593355798,KRW
TX0178,A2,하나은행,수출대금,2026-08-18,09:29:42,"SWIFT IN BLOOM RETAIL LLC USD 2,938.49",BLOOM RETAIL LLC,4060624,0,597416422,KRW
TX0179,A1,신한은행,주거래,2026-08-18,10:37:39,CJ대한통운 운임,CJ대한통운,0,7780200,3437518900,KRW
TX0180,A1,신한은행,주거래,2026-08-18,11:26:46,쿠팡(주) 정산,쿠팡(주),45931100,0,3483450000,KRW
TX0181,A1,신한은행,주거래,2026-08-18,12:13:45,(주)한진 택배비,(주)한진,0,3762600,3479687400,KRW
TX0182,A1,신한은행,주거래,2026-08-18,12:18:01,정수기 렌탈료,운영,0,510900,3479176500,KRW
TX0183,A1,신한은행,주거래,2026-08-18,13:28:03,(주)씨제이올리브영 대금,(주)씨제이올리브영,47934100,0,3527110600,KRW
TX0184,A1,신한은행,주거래,2026-08-18,13:48:09,퀵서비스 요금,운영,0,1448700,3525661900,KRW
TX0185,A1,신한은행,주거래,2026-08-18,14:19:38,고객 반품 환불,고객,0,180400,3525481500,KRW
TX0186,A1,신한은행,주거래,2026-08-18,15:00:38,메타 광고비,광고,0,9451400,3516030100,KRW
TX0187,A1,신한은행,주거래,2026-08-18,15:29:38,네이버파이낸셜(주) 정산,네이버파이낸셜(주),52500800,0,3568530900,KRW
TX0188,A1,신한은행,주거래,2026-08-18,16:06:58,(주)지마켓 정산,(주)지마켓,7258200,0,3575789100,KRW
TX0189,A1,신한은행,주거래,2026-08-18,16:26:39,(주)다온용기 부자재대금,(주)다온용기,0,69804200,3505984900,KRW
TX0190,A1,신한은행,주거래,2026-08-18,17:06:00,식대 정산,운영,0,1517400,3504467500,KRW
TX0191,A1,신한은행,주거래,2026-08-18,17:35:25,카카오페이(주) 정산,카카오페이(주),47938900,0,3552406400,KRW
TX0192,A1,신한은행,주거래,2026-08-19,09:19:11,식대 정산,운영,0,408900,3551997500,KRW
TX0193,A1,신한은행,주거래,2026-08-19,09:59:45,(주)지마켓 정산,(주)지마켓,29134700,0,3581132200,KRW
TX0194,A1,신한은행,주거래,2026-08-19,10:52:00,(주)가람바이오 원료대금,(주)가람바이오,0,102236700,3478895500,KRW
TX0195,A1,신한은행,주거래,2026-08-19,11:10:43,샘플 발송비,운영,0,888900,3478006600,KRW
TX0196,A1,신한은행,주거래,2026-08-19,11:36:10,사무용품 구입,운영,0,1730800,3476275800,KRW
TX0197,A1,신한은행,주거래,2026-08-19,11:36:13,쿠팡(주) 정산,쿠팡(주),11596100,0,3487871900,KRW
TX0198,A1,신한은행,주거래,2026-08-19,11:47:53,CJ대한통운 운임,CJ대한통운,0,8337100,3479534800,KRW
TX0199,A1,신한은행,주거래,2026-08-19,13:10:51,디자인 외주비,운영,0,1152400,3478382400,KRW
TX0200,A1,신한은행,주거래,2026-08-19,13:31:49,카카오페이(주) 정산,카카오페이(주),13659600,0,3492042000,KRW
TX0201,A1,신한은행,주거래,2026-08-19,13:47:19,메타 광고비,광고,0,6031800,3486010200,KRW
TX0202,A1,신한은행,주거래,2026-08-19,13:50:21,(주)지마켓 정산,(주)지마켓,36753000,0,3522763200,KRW
TX0203,A1,신한은행,주거래,2026-08-19,15:33:36,샘플 발송비,운영,0,458800,3522304400,KRW
TX0204,A1,신한은행,주거래,2026-08-19,16:01:25,(주)지마켓 정산,(주)지마켓,22936400,0,3545240800,KRW
TX0205,A1,신한은행,주거래,2026-08-19,16:42:12,나래코스텍(주) 제품매입,나래코스텍(주),0,44710200,3500530600,KRW
TX0206,A1,신한은행,주거래,2026-08-20,09:25:00,계좌이체 급여·세금 계좌로,내부이체,0,220000000,3280530600,KRW
TX0207,A3,KB국민은행,급여·세금,2026-08-20,09:25:00,계좌이체 주거래 계좌에서,내부이체,220000000,0,550211700,KRW
TX0208,A1,신한은행,주거래,2026-08-20,09:58:11,(주)다온용기 부자재대금,(주)다온용기,0,39440700,3241089900,KRW
TX0209,A2,하나은행,수출대금,2026-08-20,11:43:04,PAYPAL 해외정산,PAYPAL,4270800,0,601687222,KRW
TX0210,A1,신한은행,주거래,2026-08-20,11:48:08,CJ대한통운 운임,CJ대한통운,0,6542500,3234547400,KRW
TX0211,A1,신한은행,주거래,2026-08-20,11:54:32,고객 반품 환불,고객,0,130600,3234416800,KRW
TX0212,A1,신한은행,주거래,2026-08-20,12:48:02,카카오페이(주) 정산,카카오페이(주),41574400,0,3275991200,KRW
TX0213,A1,신한은행,주거래,2026-08-20,13:18:39,(주)무신사 정산,(주)무신사,40941900,0,3316933100,KRW
TX0214,A1,신한은행,주거래,2026-08-20,13:56:03,(주)씨제이올리브영 대금,(주)씨제이올리브영,27781800,0,3344714900,KRW
TX0215,A1,신한은행,주거래,2026-08-20,14:12:33,쿠팡(주) 정산,쿠팡(주),12597800,0,3357312700,KRW
TX0216,A1,신한은행,주거래,2026-08-20,14:34:21,택시·주차비 정산,운영,0,336000,3356976700,KRW
TX0217,A1,신한은행,주거래,2026-08-20,14:40:12,(주)한진 택배비,(주)한진,0,1156100,3355820600,KRW
TX0218,A1,신한은행,주거래,2026-08-20,14:41:51,KT 통신요금,운영,0,1506400,3354314200,KRW
TX0219,A1,신한은행,주거래,2026-08-20,15:32:08,식대 정산,운영,0,277800,3354036400,KRW
TX0220,A1,신한은행,주거래,2026-08-20,16:12:23,카카오페이(주) 정산,카카오페이(주),20343700,0,3374380100,KRW
TX0221,A1,신한은행,주거래,2026-08-20,17:04:41,정수기 렌탈료,운영,0,1359100,3373021000,KRW
TX0222,A1,신한은행,주거래,2026-08-20,17:09:30,(주)지마켓 정산,(주)지마켓,32080100,0,3405101100,KRW
TX0223,A4,IBK기업은행,운전자금,2026-08-21,08:30:00,대출이자 운전자금 15억,IBK기업은행,0,5612300,1144387700,KRW
TX0224,A1,신한은행,주거래,2026-08-21,09:05:23,택시·주차비 정산,운영,0,176000,3404925100,KRW
TX0225,A1,신한은행,주거래,2026-08-21,09:07:53,식대 정산,운영,0,1396000,3403529100,KRW
TX0226,A1,신한은행,주거래,2026-08-21,10:19:39,정수기 렌탈료,운영,0,158100,3403371000,KRW
TX0227,A1,신한은행,주거래,2026-08-21,11:16:06,네이버파이낸셜(주) 정산,네이버파이낸셜(주),30377400,0,3433748400,KRW
TX0228,A1,신한은행,주거래,2026-08-21,11:59:55,쿠팡(주) 정산,쿠팡(주),41318700,0,3475067100,KRW
TX0229,A1,신한은행,주거래,2026-08-21,12:33:31,고객 반품 환불,고객,0,93200,3474973900,KRW
TX0230,A1,신한은행,주거래,2026-08-21,13:25:08,CJ대한통운 운임,CJ대한통운,0,2894900,3472079000,KRW
TX0231,A1,신한은행,주거래,2026-08-21,13:26:19,(주)라온패키지 부자재대금,(주)라온패키지,0,66026400,3406052600,KRW
TX0232,A1,신한은행,주거래,2026-08-21,13:33:30,택시·주차비 정산,운영,0,1148000,3404904600,KRW
TX0233,A1,신한은행,주거래,2026-08-21,13:48:23,(주)가람바이오 원료대금,(주)가람바이오,0,21967700,3382936900,KRW
TX0234,A1,신한은행,주거래,2026-08-21,13:51:57,식대 정산,운영,0,1105200,3381831700,KRW
TX0235,A1,신한은행,주거래,2026-08-21,14:25:47,고객 반품 환불,고객,0,258300,3381573400,KRW
TX0236,A1,신한은행,주거래,2026-08-21,15:19:47,사무용품 구입,운영,0,591300,3380982100,KRW
TX0237,A1,신한은행,주거래,2026-08-21,16:01:21,사무용품 구입,운영,0,1867700,3379114400,KRW
TX0238,A1,신한은행,주거래,2026-08-21,16:07:18,(주)씨제이올리브영 대금,(주)씨제이올리브영,51841900,0,3430956300,KRW
TX0239,A1,신한은행,주거래,2026-08-21,16:20:30,쿠팡(주) 정산,쿠팡(주),32511000,0,3463467300,KRW
TX0240,A1,신한은행,주거래,2026-08-21,16:37:54,택시·주차비 정산,운영,0,564100,3462903200,KRW
TX0241,A1,신한은행,주거래,2026-08-21,17:06:18,(주)한진 택배비,(주)한진,0,1992300,3460910900,KRW
TX0242,A1,신한은행,주거래,2026-08-24,09:09:23,(주)씨제이올리브영 대금,(주)씨제이올리브영,26590400,0,3487501300,KRW
TX0243,A1,신한은행,주거래,2026-08-24,09:44:09,(주)다온용기 부자재대금,(주)다온용기,0,31667700,3455833600,KRW
TX0244,A1,신한은행,주거래,2026-08-24,10:22:50,퀵서비스 요금,운영,0,1740400,3454093200,KRW
TX0245,A1,신한은행,주거래,2026-08-24,11:48:44,(주)무신사 정산,(주)무신사,27455800,0,3481549000,KRW
TX0246,A1,신한은행,주거래,2026-08-24,11:52:38,(주)가람바이오 원료대금,(주)가람바이오,0,48600200,3432948800,KRW
TX0247,A1,신한은행,주거래,2026-08-24,12:44:23,CJ대한통운 운임,CJ대한통운,0,8455800,3424493000,KRW
TX0248,A1,신한은행,주거래,2026-08-24,13:24:09,쿠팡(주) 정산,쿠팡(주),52127000,0,3476620000,KRW
TX0249,A1,신한은행,주거래,2026-08-24,13:28:18,고객 반품 환불,고객,0,309100,3476310900,KRW
TX0250,A1,신한은행,주거래,2026-08-24,13:29:58,고객 반품 환불,고객,0,234600,3476076300,KRW
TX0251,A1,신한은행,주거래,2026-08-24,14:00:34,샘플 발송비,운영,0,1787600,3474288700,KRW
TX0252,A1,신한은행,주거래,2026-08-24,14:00:54,정수기 렌탈료,운영,0,728800,3473559900,KRW
TX0253,A1,신한은행,주거래,2026-08-24,15:07:22,고객 반품 환불,고객,0,224600,3473335300,KRW
TX0254,A1,신한은행,주거래,2026-08-24,15:13:17,네이버파이낸셜(주) 정산,네이버파이낸셜(주),12907800,0,3486243100,KRW
TX0255,A1,신한은행,주거래,2026-08-24,15:36:43,(주)지마켓 정산,(주)지마켓,52641400,0,3538884500,KRW
TX0256,A1,신한은행,주거래,2026-08-24,17:02:51,쿠팡(주) 정산,쿠팡(주),47138100,0,3586022600,KRW
TX0257,A1,신한은행,주거래,2026-08-25,09:50:50,네이버파이낸셜(주) 정산,네이버파이낸셜(주),48904500,0,3634927100,KRW
TX0258,A3,KB국민은행,급여·세금,2026-08-25,10:30:00,8월 급여 일괄이체 52명,임직원,0,213480000,336731700,KRW
TX0259,A1,신한은행,주거래,2026-08-25,11:10:12,샘플 발송비,운영,0,1841700,3633085400,KRW
TX0260,A1,신한은행,주거래,2026-08-25,11:16:15,카카오페이(주) 정산,카카오페이(주),17451300,0,3650536700,KRW
TX0261,A1,신한은행,주거래,2026-08-25,11:39:14,KT 통신요금,운영,0,1248300,3649288400,KRW
TX0262,A1,신한은행,주거래,2026-08-25,12:24:55,KT 통신요금,운영,0,557000,3648731400,KRW
TX0263,A2,하나은행,수출대금,2026-08-25,12:47:25,PAYPAL 해외정산,PAYPAL,4194000,0,605881222,KRW
TX0264,A1,신한은행,주거래,2026-08-25,13:05:51,고객 반품 환불,고객,0,272700,3648458700,KRW
TX0265,A1,신한은행,주거래,2026-08-25,13:43:53,샘플 발송비,운영,0,739600,3647719100,KRW
TX0266,A1,신한은행,주거래,2026-08-25,13:46:30,퀵서비스 요금,운영,0,1444000,3646275100,KRW
TX0267,A1,신한은행,주거래,2026-08-25,14:04:41,KT 통신요금,운영,0,862700,3645412400,KRW
TX0268,A1,신한은행,주거래,2026-08-25,14:33:08,카카오페이(주) 정산,카카오페이(주),47936500,0,3693348900,KRW
TX0269,A1,신한은행,주거래,2026-08-25,14:43:18,(주)무신사 정산,(주)무신사,52430700,0,3745779600,KRW
TX0270,A1,신한은행,주거래,2026-08-25,15:18:37,(주)지마켓 정산,(주)지마켓,40706200,0,3786485800,KRW
TX0271,A1,신한은행,주거래,2026-08-25,15:31:58,CJ대한통운 운임,CJ대한통운,0,6195000,3780290800,KRW
TX0272,A1,신한은행,주거래,2026-08-25,16:22:37,(주)다온용기 부자재대금,(주)다온용기,0,96610700,3683680100,KRW
TX0273,A1,신한은행,주거래,2026-08-25,16:34:15,나래코스텍(주) 제품매입,나래코스텍(주),0,112044100,3571636000,KRW
TX0274,A1,신한은행,주거래,2026-08-25,17:53:18,카카오페이(주) 정산,카카오페이(주),54967400,0,3626603400,KRW
TX0275,A1,신한은행,주거래,2026-08-26,09:06:52,(주)다온용기 부자재대금,(주)다온용기,0,44416400,3582187000,KRW
TX0276,A1,신한은행,주거래,2026-08-26,09:10:43,정수기 렌탈료,운영,0,708500,3581478500,KRW
TX0277,A1,신한은행,주거래,2026-08-26,09:17:07,고객 반품 환불,고객,0,310200,3581168300,KRW
TX0278,A1,신한은행,주거래,2026-08-26,10:11:10,쿠팡(주) 정산,쿠팡(주),25151000,0,3606319300,KRW
TX0279,A1,신한은행,주거래,2026-08-26,10:13:03,사무용품 구입,운영,0,1274700,3605044600,KRW
TX0280,A1,신한은행,주거래,2026-08-26,12:05:10,(주)지마켓 정산,(주)지마켓,26083100,0,3631127700,KRW
TX0281,A1,신한은행,주거래,2026-08-26,12:58:31,(주)씨제이올리브영 대금,(주)씨제이올리브영,12904400,0,3644032100,KRW
TX0282,A1,신한은행,주거래,2026-08-26,12:58:56,디자인 외주비,운영,0,409900,3643622200,KRW
TX0283,A1,신한은행,주거래,2026-08-26,13:02:33,(주)씨제이올리브영 대금,(주)씨제이올리브영,41101500,0,3684723700,KRW
TX0284,A2,하나은행,수출대금,2026-08-26,13:49:05,"SWIFT IN SILKY SUPPLY LLC USD 22,599.46",SILKY SUPPLY LLC,31350050,0,637231272,KRW
TX0285,A1,신한은행,주거래,2026-08-26,14:31:51,네이버파이낸셜(주) 정산,네이버파이낸셜(주),27819400,0,3712543100,KRW
TX0286,A1,신한은행,주거래,2026-08-26,15:25:20,CJ대한통운 운임,CJ대한통운,0,3523700,3709019400,KRW
TX0287,A1,신한은행,주거래,2026-08-26,16:11:02,퀵서비스 요금,운영,0,368400,3708651000,KRW
TX0288,A1,신한은행,주거래,2026-08-26,16:29:10,KT 통신요금,운영,0,1557400,3707093600,KRW
TX0289,A1,신한은행,주거래,2026-08-26,17:00:14,고객 반품 환불,고객,0,282700,3706810900,KRW
TX0290,A1,신한은행,주거래,2026-08-26,17:08:22,(주)무신사 정산,(주)무신사,16171800,0,3722982700,KRW
TX0291,A1,신한은행,주거래,2026-08-26,17:16:53,고객 반품 환불,고객,0,51500,3722931200,KRW
TX0292,A1,신한은행,주거래,2026-08-27,09:00:15,(주)한진 택배비,(주)한진,0,3746100,3719185100,KRW
TX0293,A1,신한은행,주거래,2026-08-27,09:00:20,디자인 외주비,운영,0,1161000,3718024100,KRW
TX0294,A1,신한은행,주거래,2026-08-27,09:09:20,(주)라온패키지 부자재대금,(주)라온패키지,0,71980300,3646043800,KRW
TX0295,A1,신한은행,주거래,2026-08-27,09:12:33,(주)지마켓 정산,(주)지마켓,28711000,0,3674754800,KRW
TX0296,A1,신한은행,주거래,2026-08-27,09:27:56,정수기 렌탈료,운영,0,1748400,3673006400,KRW
TX0297,A1,신한은행,주거래,2026-08-27,09:34:45,쿠팡(주) 정산,쿠팡(주),18275200,0,3691281600,KRW
TX0298,A1,신한은행,주거래,2026-08-27,09:44:14,고객 반품 환불,고객,0,206000,3691075600,KRW
TX0299,A1,신한은행,주거래,2026-08-27,10:25:20,(주)무신사 정산,(주)무신사,30271300,0,3721346900,KRW
TX0300,A1,신한은행,주거래,2026-08-27,11:38:04,디자인 외주비,운영,0,304700,3721042200,KRW
TX0301,A1,신한은행,주거래,2026-08-27,11:43:44,퀵서비스 요금,운영,0,985000,3720057200,KRW
TX0302,A1,신한은행,주거래,2026-08-27,11:45:59,CJ대한통운 운임,CJ대한통운,0,5518700,3714538500,KRW
TX0303,A1,신한은행,주거래,2026-08-27,11:52:49,식대 정산,운영,0,1893100,3712645400,KRW
TX0304,A1,신한은행,주거래,2026-08-27,12:32:40,정수기 렌탈료,운영,0,1799600,3710845800,KRW
TX0305,A1,신한은행,주거래,2026-08-27,12:37:37,카카오페이(주) 정산,카카오페이(주),40012600,0,3750858400,KRW
TX0306,A1,신한은행,주거래,2026-08-27,14:51:28,고객 반품 환불,고객,0,40200,3750818200,KRW
TX0307,A1,신한은행,주거래,2026-08-27,15:08:05,KT 통신요금,운영,0,1613700,3749204500,KRW
TX0308,A1,신한은행,주거래,2026-08-27,15:08:42,카카오페이(주) 정산,카카오페이(주),38822400,0,3788026900,KRW
TX0309,A1,신한은행,주거래,2026-08-27,15:21:31,고객 반품 환불,고객,0,220900,3787806000,KRW
TX0310,A1,신한은행,주거래,2026-08-27,16:02:42,(주)지마켓 정산,(주)지마켓,48139000,0,3835945000,KRW
TX0311,A1,신한은행,주거래,2026-08-27,16:52:51,정수기 렌탈료,운영,0,582300,3835362700,KRW
TX0312,A1,신한은행,주거래,2026-08-28,09:42:48,(주)지마켓 정산,(주)지마켓,18226200,0,3853588900,KRW
TX0313,A1,신한은행,주거래,2026-08-28,10:25:17,쿠팡(주) 정산,쿠팡(주),25009700,0,3878598600,KRW
TX0314,A1,신한은행,주거래,2026-08-28,10:29:46,카카오페이(주) 정산,카카오페이(주),49193300,0,3927791900,KRW
TX0315,A1,신한은행,주거래,2026-08-28,10:53:08,식대 정산,운영,0,897000,3926894900,KRW
TX0316,A1,신한은행,주거래,2026-08-28,11:16:37,네이버파이낸셜(주) 정산,네이버파이낸셜(주),11192600,0,3938087500,KRW
TX0317,A1,신한은행,주거래,2026-08-28,11:20:27,정수기 렌탈료,운영,0,118800,3937968700,KRW
TX0318,A1,신한은행,주거래,2026-08-28,11:40:54,CJ대한통운 운임,CJ대한통운,0,7346900,3930621800,KRW
TX0319,A1,신한은행,주거래,2026-08-28,12:14:40,디자인 외주비,운영,0,1413700,3929208100,KRW
TX0320,A1,신한은행,주거래,2026-08-28,12:35:12,(주)무신사 정산,(주)무신사,20404900,0,3949613000,KRW
TX0321,A2,하나은행,수출대금,2026-08-28,13:18:07,PAYPAL 해외정산,PAYPAL,3577100,0,640808372,KRW
TX0322,A1,신한은행,주거래,2026-08-28,14:11:33,네이버파이낸셜(주) 정산,네이버파이낸셜(주),17882700,0,3967495700,KRW
TX0323,A1,신한은행,주거래,2026-08-28,14:47:35,네이버파이낸셜(주) 정산,네이버파이낸셜(주),24524400,0,3992020100,KRW
TX0324,A1,신한은행,주거래,2026-08-28,16:08:28,(주)가람바이오 원료대금,(주)가람바이오,0,47607100,3944413000,KRW
TX0325,A1,신한은행,주거래,2026-08-28,16:47:02,고객 반품 환불,고객,0,231200,3944181800,KRW
TX0326,A1,신한은행,주거래,2026-08-31,09:03:29,(주)지마켓 정산,(주)지마켓,31681600,0,3975863400,KRW
TX0327,A1,신한은행,주거래,2026-08-31,09:25:49,(주)씨제이올리브영 대금,(주)씨제이올리브영,50748100,0,4026611500,KRW
TX0328,A1,신한은행,주거래,2026-08-31,10:29:38,샘플 발송비,운영,0,1105200,4025506300,KRW
TX0329,A4,IBK기업은행,운전자금,2026-08-31,11:00:00,운전자금 대출 원금 분할상환,IBK기업은행,0,100000000,1044387700,KRW
TX0330,A1,신한은행,주거래,2026-08-31,11:04:37,카카오페이(주) 정산,카카오페이(주),51127200,0,4076633500,KRW
TX0331,A1,신한은행,주거래,2026-08-31,11:18:10,(주)가람바이오 원료대금,(주)가람바이오,0,96696900,3979936600,KRW
TX0332,A1,신한은행,주거래,2026-08-31,11:27:35,쿠팡(주) 정산,쿠팡(주),38549300,0,4018485900,KRW
TX0333,A1,신한은행,주거래,2026-08-31,11:28:00,(주)씨제이올리브영 대금,(주)씨제이올리브영,42910000,0,4061395900,KRW
TX0334,A1,신한은행,주거래,2026-08-31,13:01:33,식대 정산,운영,0,1743700,4059652200,KRW
TX0335,A1,신한은행,주거래,2026-08-31,13:38:17,식대 정산,운영,0,960000,4058692200,KRW
TX0336,A1,신한은행,주거래,2026-08-31,13:43:54,KT 통신요금,운영,0,1702800,4056989400,KRW
TX0337,A1,신한은행,주거래,2026-08-31,14:21:59,나래코스텍(주) 제품매입,나래코스텍(주),0,55979500,4001009900,KRW
TX0338,A1,신한은행,주거래,2026-08-31,14:30:29,택시·주차비 정산,운영,0,894600,4000115300,KRW
TX0339,A1,신한은행,주거래,2026-08-31,15:30:00,계좌이체 수출대금 계좌에서,내부이체,512646700,0,4512762000,KRW
TX0340,A2,하나은행,수출대금,2026-08-31,15:30:00,계좌이체 주거래 계좌로,내부이체,0,512646700,128161672,KRW
TX0341,A1,신한은행,주거래,2026-08-31,16:13:24,고객 반품 환불,고객,0,144300,4512617700,KRW
TX0342,A1,신한은행,주거래,2026-08-31,17:10:48,네이버파이낸셜(주) 정산,네이버파이낸셜(주),16747400,0,4529365100,KRW
TX0343,A1,신한은행,주거래,2026-08-31,17:19:08,디자인 외주비,운영,0,1494800,4527870300,KRW
TX0344,A1,신한은행,주거래,2026-09-01,09:22:14,샘플 발송비,운영,0,53300,4527817000,KRW
TX0345,A1,신한은행,주거래,2026-09-01,10:18:37,정수기 렌탈료,운영,0,95500,4527721500,KRW
TX0346,A1,신한은행,주거래,2026-09-01,10:25:06,샘플 발송비,운영,0,600800,4527120700,KRW
TX0347,A2,하나은행,수출대금,2026-09-01,10:51:39,PAYPAL 해외정산,PAYPAL,8966500,0,137128172,KRW
TX0348,A1,신한은행,주거래,2026-09-01,11:01:19,쿠팡(주) 정산,쿠팡(주),6365100,0,4533485800,KRW
TX0349,A1,신한은행,주거래,2026-09-01,11:21:40,카카오페이(주) 정산,카카오페이(주),13344400,0,4546830200,KRW
TX0350,A1,신한은행,주거래,2026-09-01,11:41:06,정수기 렌탈료,운영,0,1647200,4545183000,KRW
TX0351,A1,신한은행,주거래,2026-09-01,12:06:18,디자인 외주비,운영,0,384600,4544798400,KRW
TX0352,A1,신한은행,주거래,2026-09-01,12:26:24,퀵서비스 요금,운영,0,343000,4544455400,KRW
TX0353,A1,신한은행,주거래,2026-09-01,13:38:37,디자인 외주비,운영,0,1582700,4542872700,KRW
TX0354,A1,신한은행,주거래,2026-09-01,14:23:10,나래코스텍(주) 제품매입,나래코스텍(주),0,34328200,4508544500,KRW
TX0355,A1,신한은행,주거래,2026-09-01,14:34:38,CJ대한통운 운임,CJ대한통운,0,6706100,4501838400,KRW
TX0356,A1,신한은행,주거래,2026-09-01,15:14:01,카카오페이(주) 정산,카카오페이(주),52771300,0,4554609700,KRW
TX0357,A1,신한은행,주거래,2026-09-01,16:22:53,카카오페이(주) 정산,카카오페이(주),49651800,0,4604261500,KRW
TX0358,A1,신한은행,주거래,2026-09-01,16:23:11,(주)한진 택배비,(주)한진,0,2329700,4601931800,KRW
TX0359,A1,신한은행,주거래,2026-09-01,16:24:52,사무용품 구입,운영,0,145200,4601786600,KRW
TX0360,A1,신한은행,주거래,2026-09-02,09:28:31,디자인 외주비,운영,0,1125800,4600660800,KRW
TX0361,A1,신한은행,주거래,2026-09-02,09:58:23,(주)한진 택배비,(주)한진,0,3417800,4597243000,KRW
TX0362,A1,신한은행,주거래,2026-09-02,10:35:08,(주)씨제이올리브영 대금,(주)씨제이올리브영,36404100,0,4633647100,KRW
TX0363,A1,신한은행,주거래,2026-09-02,11:02:08,네이버파이낸셜(주) 정산,네이버파이낸셜(주),15060700,0,4648707800,KRW
TX0364,A1,신한은행,주거래,2026-09-02,11:09:43,(주)씨제이올리브영 대금,(주)씨제이올리브영,37289800,0,4685997600,KRW
TX0365,A2,하나은행,수출대금,2026-09-02,11:29:31,PAYPAL 해외정산,PAYPAL,2030000,0,139158172,KRW
TX0366,A1,신한은행,주거래,2026-09-02,11:42:33,CJ대한통운 운임,CJ대한통운,0,2686100,4683311500,KRW
TX0367,A1,신한은행,주거래,2026-09-02,12:08:38,고객 반품 환불,고객,0,187600,4683123900,KRW
TX0368,A1,신한은행,주거래,2026-09-02,12:26:56,사무용품 구입,운영,0,147100,4682976800,KRW
TX0369,A1,신한은행,주거래,2026-09-02,12:57:57,정수기 렌탈료,운영,0,95400,4682881400,KRW
TX0370,A1,신한은행,주거래,2026-09-02,13:49:06,KT 통신요금,운영,0,898100,4681983300,KRW
TX0371,A1,신한은행,주거래,2026-09-02,13:50:12,식대 정산,운영,0,946100,4681037200,KRW
TX0372,A1,신한은행,주거래,2026-09-02,13:55:10,샘플 발송비,운영,0,269300,4680767900,KRW
TX0373,A1,신한은행,주거래,2026-09-02,15:29:32,(주)씨제이올리브영 대금,(주)씨제이올리브영,28109500,0,4708877400,KRW
TX0374,A1,신한은행,주거래,2026-09-02,15:56:59,카카오페이(주) 정산,카카오페이(주),32897700,0,4741775100,KRW
TX0375,A1,신한은행,주거래,2026-09-02,16:00:26,식대 정산,운영,0,1730600,4740044500,KRW
TX0376,A1,신한은행,주거래,2026-09-02,16:06:49,(주)가람바이오 원료대금,(주)가람바이오,0,115850200,4624194300,KRW
TX0377,A1,신한은행,주거래,2026-09-02,17:20:01,퀵서비스 요금,운영,0,745100,4623449200,KRW
TX0378,A1,신한은행,주거래,2026-09-02,17:31:17,네이버파이낸셜(주) 정산,네이버파이낸셜(주),29270100,0,4652719300,KRW
TX0379,A1,신한은행,주거래,2026-09-02,17:39:57,쿠팡(주) 정산,쿠팡(주),12231700,0,4664951000,KRW
TX0380,A1,신한은행,주거래,2026-09-03,09:30:22,고객 반품 환불,고객,0,67800,4664883200,KRW
TX0381,A1,신한은행,주거래,2026-09-03,09:36:00,샘플 발송비,운영,0,1135500,4663747700,KRW
TX0382,A1,신한은행,주거래,2026-09-03,09:51:18,카카오페이(주) 정산,카카오페이(주),9129200,0,4672876900,KRW
TX0383,A1,신한은행,주거래,2026-09-03,10:13:50,식대 정산,운영,0,1702400,4671174500,KRW
TX0384,A1,신한은행,주거래,2026-09-03,10:28:41,(주)가람바이오 원료대금,(주)가람바이오,0,88997500,4582177000,KRW
TX0385,A1,신한은행,주거래,2026-09-03,10:54:36,정수기 렌탈료,운영,0,93100,4582083900,KRW
TX0386,A1,신한은행,주거래,2026-09-03,11:06:27,(주)씨제이올리브영 대금,(주)씨제이올리브영,29155200,0,4611239100,KRW
TX0387,A1,신한은행,주거래,2026-09-03,11:19:00,택시·주차비 정산,운영,0,1099400,4610139700,KRW
TX0388,A2,하나은행,수출대금,2026-09-03,13:20:56,"SWIFT IN AURORA HAUS LLC USD 22,699.98",AURORA HAUS LLC,31489572,0,170647744,KRW
TX0389,A1,신한은행,주거래,2026-09-03,14:07:09,고객 반품 환불,고객,0,287800,4609851900,KRW
TX0390,A1,신한은행,주거래,2026-09-03,15:05:53,메타 광고비,광고,0,12588000,4597263900,KRW
TX0391,A2,하나은행,수출대금,2026-09-03,15:06:59,PAYPAL 해외정산,PAYPAL,3335200,0,173982944,KRW
TX0392,A1,신한은행,주거래,2026-09-03,15:19:56,쿠팡(주) 정산,쿠팡(주),29175100,0,4626439000,KRW
TX0393,A1,신한은행,주거래,2026-09-03,15:58:20,퀵서비스 요금,운영,0,1425400,4625013600,KRW
TX0394,A1,신한은행,주거래,2026-09-03,16:03:47,퀵서비스 요금,운영,0,995800,4624017800,KRW
TX0395,A1,신한은행,주거래,2026-09-03,16:19:21,CJ대한통운 운임,CJ대한통운,0,9090400,4614927400,KRW
TX0396,A1,신한은행,주거래,2026-09-03,16:26:39,고객 반품 환불,고객,0,67800,4614859600,KRW
TX0397,A1,신한은행,주거래,2026-09-03,16:53:11,(주)씨제이올리브영 대금,(주)씨제이올리브영,49601300,0,4664460900,KRW
TX0398,A1,신한은행,주거래,2026-09-03,17:09:10,샘플 발송비,운영,0,925200,4663535700,KRW
TX0399,A1,신한은행,주거래,2026-09-04,09:36:08,퀵서비스 요금,운영,0,725000,4662810700,KRW
TX0400,A1,신한은행,주거래,2026-09-04,10:10:48,(주)무신사 정산,(주)무신사,26375600,0,4689186300,KRW
TX0401,A1,신한은행,주거래,2026-09-04,10:22:36,정수기 렌탈료,운영,0,1332500,4687853800,KRW
TX0402,A1,신한은행,주거래,2026-09-04,10:42:44,(주)지마켓 정산,(주)지마켓,13128800,0,4700982600,KRW
TX0403,A1,신한은행,주거래,2026-09-04,11:39:13,(주)가람바이오 원료대금,(주)가람바이오,0,106367300,4594615300,KRW
TX0404,A1,신한은행,주거래,2026-09-04,12:07:06,카카오페이(주) 정산,카카오페이(주),43751200,0,4638366500,KRW
TX0405,A1,신한은행,주거래,2026-09-04,12:10:16,(주)씨제이올리브영 대금,(주)씨제이올리브영,27154700,0,4665521200,KRW
TX0406,A1,신한은행,주거래,2026-09-04,12:47:11,택시·주차비 정산,운영,0,1850800,4663670400,KRW
TX0407,A1,신한은행,주거래,2026-09-04,13:07:48,택시·주차비 정산,운영,0,218400,4663452000,KRW
TX0408,A2,하나은행,수출대금,2026-09-04,13:20:29,PAYPAL 해외정산,PAYPAL,8225200,0,182208144,KRW
TX0409,A1,신한은행,주거래,2026-09-04,14:14:45,식대 정산,운영,0,1431900,4662020100,KRW
TX0410,A1,신한은행,주거래,2026-09-04,14:22:46,정수기 렌탈료,운영,0,622000,4661398100,KRW
TX0411,A2,하나은행,수출대금,2026-09-04,14:47:37,"SWIFT IN BLOOM LAB SARL EUR 2,416.43",BLOOM LAB SARL,3899033,0,186107177,KRW
TX0412,A1,신한은행,주거래,2026-09-04,14:48:47,(주)라온패키지 부자재대금,(주)라온패키지,0,60078400,4601319700,KRW
TX0413,A1,신한은행,주거래,2026-09-04,15:29:18,샘플 발송비,운영,0,59600,4601260100,KRW
TX0414,A1,신한은행,주거래,2026-09-04,15:53:30,네이버파이낸셜(주) 정산,네이버파이낸셜(주),11226200,0,4612486300,KRW
TX0415,A1,신한은행,주거래,2026-09-04,16:22:56,쿠팡(주) 정산,쿠팡(주),52657700,0,4665144000,KRW
TX0416,A1,신한은행,주거래,2026-09-04,16:23:36,카카오페이(주) 정산,카카오페이(주),12448800,0,4677592800,KRW
TX0417,A1,신한은행,주거래,2026-09-04,17:32:49,CJ대한통운 운임,CJ대한통운,0,8154100,4669438700,KRW
TX0418,A1,신한은행,주거래,2026-09-04,17:41:14,디자인 외주비,운영,0,1085400,4668353300,KRW
TX0419,A1,신한은행,주거래,2026-09-07,09:10:00,(주)테헤란빌딩 임차료,(주)테헤란빌딩,0,38500000,4629853300,KRW
TX0420,A1,신한은행,주거래,2026-09-07,09:52:07,식대 정산,운영,0,407400,4629445900,KRW
TX0421,A1,신한은행,주거래,2026-09-07,10:11:43,샘플 발송비,운영,0,1402900,4628043000,KRW
TX0422,A1,신한은행,주거래,2026-09-07,10:19:32,(주)무신사 정산,(주)무신사,13996500,0,4642039500,KRW
TX0423,A2,하나은행,수출대금,2026-09-07,10:59:45,"SWIFT IN SAKURA COSME KK JPY 635,765.00",SAKURA COSME KK,5970906,0,192078083,KRW
TX0424,A1,신한은행,주거래,2026-09-07,11:21:40,(주)라온패키지 부자재대금,(주)라온패키지,0,96999900,4545039600,KRW
TX0425,A1,신한은행,주거래,2026-09-07,11:58:17,(주)무신사 정산,(주)무신사,48647500,0,4593687100,KRW
TX0426,A1,신한은행,주거래,2026-09-07,12:53:57,CJ대한통운 운임,CJ대한통운,0,5970700,4587716400,KRW
TX0427,A1,신한은행,주거래,2026-09-07,13:23:22,(주)무신사 정산,(주)무신사,19601700,0,4607318100,KRW
TX0428,A1,신한은행,주거래,2026-09-07,13:29:41,(주)다온용기 부자재대금,(주)다온용기,0,105481700,4501836400,KRW
TX0429,A1,신한은행,주거래,2026-09-07,13:34:33,(주)씨제이올리브영 대금,(주)씨제이올리브영,34313000,0,4536149400,KRW
TX0430,A1,신한은행,주거래,2026-09-07,14:45:47,KT 통신요금,운영,0,965700,4535183700,KRW
TX0431,A1,신한은행,주거래,2026-09-07,15:52:39,사무용품 구입,운영,0,342000,4534841700,KRW
TX0432,A1,신한은행,주거래,2026-09-07,15:54:06,(주)가람바이오 원료대금,(주)가람바이오,0,114410100,4420431600,KRW
TX0433,A1,신한은행,주거래,2026-09-07,16:24:46,(주)지마켓 정산,(주)지마켓,7732600,0,4428164200,KRW
TX0434,A1,신한은행,주거래,2026-09-07,16:32:11,고객 반품 환불,고객,0,50700,4428113500,KRW
TX0435,A1,신한은행,주거래,2026-09-07,16:32:12,택시·주차비 정산,운영,0,1841700,4426271800,KRW
TX0436,A1,신한은행,주거래,2026-09-07,17:22:54,정수기 렌탈료,운영,0,125000,4426146800,KRW
TX0437,A1,신한은행,주거래,2026-09-07,17:24:03,샘플 발송비,운영,0,1446300,4424700500,KRW
TX0438,A1,신한은행,주거래,2026-09-08,09:10:11,식대 정산,운영,0,1092800,4423607700,KRW
TX0439,A1,신한은행,주거래,2026-09-08,09:13:17,(주)무신사 정산,(주)무신사,17022100,0,4440629800,KRW
TX0440,A1,신한은행,주거래,2026-09-08,09:20:00,계좌이체 급여·세금 계좌로,내부이체,0,95000000,4345629800,KRW
TX0441,A3,KB국민은행,급여·세금,2026-09-08,09:20:00,계좌이체 주거래 계좌에서,내부이체,95000000,0,431731700,KRW
TX0442,A1,신한은행,주거래,2026-09-08,10:46:01,샘플 발송비,운영,0,999900,4344629900,KRW
TX0443,A1,신한은행,주거래,2026-09-08,11:04:40,카카오페이(주) 정산,카카오페이(주),37293200,0,4381923100,KRW
TX0444,A1,신한은행,주거래,2026-09-08,11:32:49,식대 정산,운영,0,176600,4381746500,KRW
TX0445,A1,신한은행,주거래,2026-09-08,11:35:54,사무용품 구입,운영,0,1470000,4380276500,KRW
TX0446,A1,신한은행,주거래,2026-09-08,12:23:02,카카오페이(주) 정산,카카오페이(주),33260800,0,4413537300,KRW
TX0447,A2,하나은행,수출대금,2026-09-08,12:23:30,PAYPAL 해외정산,PAYPAL,5789800,0,197867883,KRW
TX0448,A1,신한은행,주거래,2026-09-08,12:34:00,(주)지마켓 정산,(주)지마켓,53933800,0,4467471100,KRW
TX0449,A1,신한은행,주거래,2026-09-08,13:07:53,KT 통신요금,운영,0,207800,4467263300,KRW
TX0450,A1,신한은행,주거래,2026-09-08,14:10:56,CJ대한통운 운임,CJ대한통운,0,7523300,4459740000,KRW
TX0451,A1,신한은행,주거래,2026-09-08,14:37:33,(주)지마켓 정산,(주)지마켓,21873600,0,4481613600,KRW
TX0452,A1,신한은행,주거래,2026-09-08,15:19:17,쿠팡(주) 정산,쿠팡(주),29033400,0,4510647000,KRW
TX0453,A1,신한은행,주거래,2026-09-08,15:27:41,(주)라온패키지 부자재대금,(주)라온패키지,0,53220000,4457427000,KRW
TX0454,A1,신한은행,주거래,2026-09-08,15:55:58,(주)무신사 정산,(주)무신사,48793900,0,4506220900,KRW
TX0455,A1,신한은행,주거래,2026-09-09,09:34:09,네이버파이낸셜(주) 정산,네이버파이낸셜(주),52374800,0,4558595700,KRW
TX0456,A1,신한은행,주거래,2026-09-09,09:55:36,사무용품 구입,운영,0,880100,4557715600,KRW
TX0457,A1,신한은행,주거래,2026-09-09,09:59:47,고객 반품 환불,고객,0,51800,4557663800,KRW
TX0458,A1,신한은행,주거래,2026-09-09,10:19:47,(주)라온패키지 부자재대금,(주)라온패키지,0,101018300,4456645500,KRW
TX0459,A2,하나은행,수출대금,2026-09-09,10:28:12,"SWIFT IN VELVET SUPPLY KK JPY 1,940,061.00",VELVET SUPPLY KK,18257374,0,216125257,KRW
TX0460,A1,신한은행,주거래,2026-09-09,10:45:25,디자인 외주비,운영,0,1515200,4455130300,KRW
TX0461,A1,신한은행,주거래,2026-09-09,10:46:18,CJ대한통운 운임,CJ대한통운,0,7930700,4447199600,KRW
TX0462,A1,신한은행,주거래,2026-09-09,12:24:24,(주)무신사 정산,(주)무신사,41048200,0,4488247800,KRW
TX0463,A1,신한은행,주거래,2026-09-09,13:05:28,네이버파이낸셜(주) 정산,네이버파이낸셜(주),22312800,0,4510560600,KRW
TX0464,A1,신한은행,주거래,2026-09-09,13:10:56,네이버파이낸셜(주) 정산,네이버파이낸셜(주),41931500,0,4552492100,KRW
TX0465,A1,신한은행,주거래,2026-09-09,13:38:03,샘플 발송비,운영,0,927500,4551564600,KRW
TX0466,A1,신한은행,주거래,2026-09-09,13:55:00,KT 통신요금,운영,0,1063700,4550500900,KRW
TX0467,A2,하나은행,수출대금,2026-09-09,14:11:27,PAYPAL 해외정산,PAYPAL,2352100,0,218477357,KRW
TX0468,A1,신한은행,주거래,2026-09-09,14:50:35,(주)무신사 정산,(주)무신사,32606900,0,4583107800,KRW
TX0469,A1,신한은행,주거래,2026-09-09,15:15:53,(주)씨제이올리브영 대금,(주)씨제이올리브영,46312700,0,4629420500,KRW
TX0470,A1,신한은행,주거래,2026-09-09,16:11:52,정수기 렌탈료,운영,0,797500,4628623000,KRW
TX0471,A1,신한은행,주거래,2026-09-09,16:19:34,고객 반품 환불,고객,0,314000,4628309000,KRW
TX0472,A1,신한은행,주거래,2026-09-09,16:34:04,퀵서비스 요금,운영,0,561600,4627747400,KRW
TX0473,A1,신한은행,주거래,2026-09-09,16:53:27,고객 반품 환불,고객,0,176000,4627571400,KRW
TX0474,A1,신한은행,주거래,2026-09-09,17:26:32,KT 통신요금,운영,0,1040000,4626531400,KRW
TX0475,A1,신한은행,주거래,2026-09-09,17:48:25,(주)무신사 정산,(주)무신사,19901600,0,4646433000,KRW
TX0476,A3,KB국민은행,급여·세금,2026-09-10,09:41:47,고용보험 납부,국세청·공단,0,4498900,427232800,KRW
TX0477,A1,신한은행,주거래,2026-09-10,10:17:22,샘플 발송비,운영,0,690900,4645742100,KRW
TX0478,A1,신한은행,주거래,2026-09-10,10:38:23,샘플 발송비,운영,0,378500,4645363600,KRW
TX0479,A1,신한은행,주거래,2026-09-10,10:50:12,사무용품 구입,운영,0,72200,4645291400,KRW
TX0480,A1,신한은행,주거래,2026-09-10,11:03:18,CJ대한통운 운임,CJ대한통운,0,4986600,4640304800,KRW
TX0481,A1,신한은행,주거래,2026-09-10,11:27:19,고객 반품 환불,고객,0,72500,4640232300,KRW
TX0482,A1,신한은행,주거래,2026-09-10,12:18:13,식대 정산,운영,0,1630800,4638601500,KRW
TX0483,A3,KB국민은행,급여·세금,2026-09-10,13:06:01,지방소득세 납부,국세청·공단,0,2323700,424909100,KRW
TX0484,A1,신한은행,주거래,2026-09-10,13:08:10,(주)무신사 정산,(주)무신사,47499100,0,4686100600,KRW
TX0485,A1,신한은행,주거래,2026-09-10,13:09:21,고객 반품 환불,고객,0,118000,4685982600,KRW
TX0486,A3,KB국민은행,급여·세금,2026-09-10,13:15:38,건강보험 납부,국세청·공단,0,16882300,408026800,KRW
TX0487,A3,KB국민은행,급여·세금,2026-09-10,13:44:29,국민연금 납부,국세청·공단,0,19106400,388920400,KRW
TX0488,A1,신한은행,주거래,2026-09-10,13:54:59,(주)라온패키지 부자재대금,(주)라온패키지,0,63766500,4622216100,KRW
TX0489,A1,신한은행,주거래,2026-09-10,14:00:37,쿠팡(주) 정산,쿠팡(주),17854900,0,4640071000,KRW
TX0490,A1,신한은행,주거래,2026-09-10,14:14:09,네이버파이낸셜(주) 정산,네이버파이낸셜(주),49087600,0,4689158600,KRW
TX0491,A1,신한은행,주거래,2026-09-10,14:19:24,KT 통신요금,운영,0,608000,4688550600,KRW
TX0492,A1,신한은행,주거래,2026-09-10,14:47:14,사무용품 구입,운영,0,223000,4688327600,KRW
TX0493,A1,신한은행,주거래,2026-09-10,15:07:07,(주)씨제이올리브영 대금,(주)씨제이올리브영,9697800,0,4698025400,KRW
TX0494,A1,신한은행,주거래,2026-09-10,15:53:49,(주)지마켓 정산,(주)지마켓,8738600,0,4706764000,KRW
TX0495,A1,신한은행,주거래,2026-09-10,16:15:14,사무용품 구입,운영,0,921800,4705842200,KRW
TX0496,A1,신한은행,주거래,2026-09-10,16:19:11,네이버파이낸셜(주) 정산,네이버파이낸셜(주),20140700,0,4725982900,KRW
TX0497,A2,하나은행,수출대금,2026-09-10,17:03:05,PAYPAL 해외정산,PAYPAL,8396800,0,226874157,KRW
TX0498,A1,신한은행,주거래,2026-09-10,17:19:05,메타 광고비,광고,0,10128100,4715854800,KRW
TX0499,A3,KB국민은행,급여·세금,2026-09-10,17:19:46,국세 원천세 납부,국세청·공단,0,21617000,367303400,KRW
TX0500,A1,신한은행,주거래,2026-09-10,17:24:57,(주)씨제이올리브영 대금,(주)씨제이올리브영,18561700,0,4734416500,KRW
TX0501,A1,신한은행,주거래,2026-09-10,17:27:40,나래코스텍(주) 제품매입,나래코스텍(주),0,60005100,4674411400,KRW
TX0502,A2,하나은행,수출대금,2026-09-11,09:55:30,"SWIFT IN TONE BEAUTE INC USD 19,819.24",TONE BEAUTE INC,27491105,0,254365262,KRW
TX0503,A1,신한은행,주거래,2026-09-11,11:09:50,사무용품 구입,운영,0,1030000,4673381400,KRW
TX0504,A1,신한은행,주거래,2026-09-11,11:42:45,(주)씨제이올리브영 대금,(주)씨제이올리브영,46813200,0,4720194600,KRW
TX0505,A2,하나은행,수출대금,2026-09-11,11:47:24,PAYPAL 해외정산,PAYPAL,3653400,0,258018662,KRW
TX0506,A1,신한은행,주거래,2026-09-11,12:17:37,택시·주차비 정산,운영,0,1298800,4718895800,KRW
TX0507,A1,신한은행,주거래,2026-09-11,13:05:33,카카오페이(주) 정산,카카오페이(주),8140600,0,4727036400,KRW
TX0508,A1,신한은행,주거래,2026-09-11,14:48:12,정수기 렌탈료,운영,0,894200,4726142200,KRW
TX0509,A1,신한은행,주거래,2026-09-11,15:55:57,CJ대한통운 운임,CJ대한통운,0,4464900,4721677300,KRW
TX0510,A1,신한은행,주거래,2026-09-11,16:15:55,퀵서비스 요금,운영,0,852000,4720825300,KRW
TX0511,A1,신한은행,주거래,2026-09-11,16:36:37,네이버파이낸셜(주) 정산,네이버파이낸셜(주),34486100,0,4755311400,KRW
TX0512,A1,신한은행,주거래,2026-09-11,16:41:00,나래코스텍(주) 제품매입,나래코스텍(주),0,22552600,4732758800,KRW
TX0513,A1,신한은행,주거래,2026-09-11,16:54:06,(주)지마켓 정산,(주)지마켓,50604100,0,4783362900,KRW
TX0514,A1,신한은행,주거래,2026-09-11,17:20:54,쿠팡(주) 정산,쿠팡(주),9502500,0,4792865400,KRW
TX0515,A1,신한은행,주거래,2026-09-14,09:14:11,고객 반품 환불,고객,0,314300,4792551100,KRW
TX0516,A1,신한은행,주거래,2026-09-14,09:18:58,(주)씨제이올리브영 대금,(주)씨제이올리브영,22726900,0,4815278000,KRW
TX0517,A1,신한은행,주거래,2026-09-14,09:43:07,사무용품 구입,운영,0,1684500,4813593500,KRW
TX0518,A1,신한은행,주거래,2026-09-14,09:55:02,(주)지마켓 정산,(주)지마켓,46073600,0,4859667100,KRW
TX0519,A1,신한은행,주거래,2026-09-14,10:00:00,신한카드 결제대금,신한카드,0,59482500,4800184600,KRW
TX0520,A1,신한은행,주거래,2026-09-14,11:03:15,(주)한진 택배비,(주)한진,0,3646000,4796538600,KRW
TX0521,A2,하나은행,수출대금,2026-09-14,11:34:16,"SWIFT IN AURORA SHOP GMBH EUR 8,049.80",AURORA SHOP GMBH,13030725,0,271049387,KRW
TX0522,A1,신한은행,주거래,2026-09-14,11:48:16,네이버 검색광고,광고,0,8689400,4787849200,KRW
TX0523,A1,신한은행,주거래,2026-09-14,12:58:38,(주)지마켓 정산,(주)지마켓,12441600,0,4800290800,KRW
TX0524,A2,하나은행,수출대금,2026-09-14,13:19:59,PAYPAL 해외정산,PAYPAL,8013200,0,279062587,KRW
TX0525,A1,신한은행,주거래,2026-09-14,13:58:58,퀵서비스 요금,운영,0,599900,4799690900,KRW
TX0526,A1,신한은행,주거래,2026-09-14,14:01:52,사무용품 구입,운영,0,957200,4798733700,KRW
TX0527,A1,신한은행,주거래,2026-09-14,14:23:55,샘플 발송비,운영,0,1827700,4796906000,KRW
TX0528,A1,신한은행,주거래,2026-09-14,14:48:53,고객 반품 환불,고객,0,229400,4796676600,KRW
TX0529,A1,신한은행,주거래,2026-09-14,15:26:31,CJ대한통운 운임,CJ대한통운,0,4828700,4791847900,KRW
TX0530,A1,신한은행,주거래,2026-09-14,15:40:04,(주)다온용기 부자재대금,(주)다온용기,0,70114800,4721733100,KRW
TX0531,A1,신한은행,주거래,2026-09-14,17:13:24,(주)씨제이올리브영 대금,(주)씨제이올리브영,34215700,0,4755948800,KRW
TX0532,A1,신한은행,주거래,2026-09-14,17:13:54,나래코스텍(주) 제품매입,나래코스텍(주),0,83744500,4672204300,KRW
TX0533,A1,신한은행,주거래,2026-09-14,17:38:36,샘플 발송비,운영,0,270600,4671933700,KRW
TX0534,A1,신한은행,주거래,2026-09-15,09:09:52,쿠팡(주) 정산,쿠팡(주),18619800,0,4690553500,KRW
TX0535,A1,신한은행,주거래,2026-09-15,09:41:37,(주)지마켓 정산,(주)지마켓,54458000,0,4745011500,KRW
TX0536,A4,IBK기업은행,운전자금,2026-09-15,10:05:00,운전자금 대출 실행 (추석 자금),IBK기업은행,500000000,0,1544387700,KRW
TX0537,A1,신한은행,주거래,2026-09-15,10:48:38,(주)씨제이올리브영 대금,(주)씨제이올리브영,46692700,0,4791704200,KRW
TX0538,A1,신한은행,주거래,2026-09-15,10:52:45,(주)씨제이올리브영 대금,(주)씨제이올리브영,20167600,0,4811871800,KRW
TX0539,A1,신한은행,주거래,2026-09-15,12:12:21,정수기 렌탈료,운영,0,1838900,4810032900,KRW
TX0540,A1,신한은행,주거래,2026-09-15,12:49:36,정수기 렌탈료,운영,0,1038200,4808994700,KRW
TX0541,A1,신한은행,주거래,2026-09-15,14:08:59,메타 광고비,광고,0,8047600,4800947100,KRW
TX0542,A1,신한은행,주거래,2026-09-15,14:16:09,카카오페이(주) 정산,카카오페이(주),16702600,0,4817649700,KRW
TX0543,A2,하나은행,수출대금,2026-09-15,14:59:09,PAYPAL 해외정산,PAYPAL,7383600,0,286446187,KRW
TX0544,A1,신한은행,주거래,2026-09-15,15:16:00,(주)씨제이올리브영 대금,(주)씨제이올리브영,8343800,0,4825993500,KRW
TX0545,A1,신한은행,주거래,2026-09-15,15:24:36,(주)다온용기 부자재대금,(주)다온용기,0,36461400,4789532100,KRW
TX0546,A1,신한은행,주거래,2026-09-15,16:18:10,(주)가람바이오 원료대금,(주)가람바이오,0,35822900,4753709200,KRW
TX0547,A1,신한은행,주거래,2026-09-15,17:03:52,네이버파이낸셜(주) 정산,네이버파이낸셜(주),26885100,0,4780594300,KRW
TX0548,A1,신한은행,주거래,2026-09-15,17:47:39,KT 통신요금,운영,0,656600,4779937700,KRW
TX0549,A1,신한은행,주거래,2026-09-16,09:40:00,계좌이체 운전자금 계좌에서,내부이체,400000000,0,5179937700,KRW
TX0550,A4,IBK기업은행,운전자금,2026-09-16,09:40:00,계좌이체 주거래 계좌로,내부이체,0,400000000,1144387700,KRW
TX0551,A1,신한은행,주거래,2026-09-16,10:17:54,사무용품 구입,운영,0,309700,5179628000,KRW
TX0552,A2,하나은행,수출대금,2026-09-16,11:15:28,PAYPAL 해외정산,PAYPAL,2153000,0,288599187,KRW
TX0553,A1,신한은행,주거래,2026-09-16,11:20:58,(주)가람바이오 원료대금,(주)가람바이오,0,80735200,5098892800,KRW
TX0554,A1,신한은행,주거래,2026-09-16,11:33:52,사무용품 구입,운영,0,1776700,5097116100,KRW
TX0555,A1,신한은행,주거래,2026-09-16,12:32:04,CJ대한통운 운임,CJ대한통운,0,2728200,5094387900,KRW
TX0556,A1,신한은행,주거래,2026-09-16,13:31:45,퀵서비스 요금,운영,0,1708300,5092679600,KRW
TX0557,A1,신한은행,주거래,2026-09-16,13:42:52,카카오페이(주) 정산,카카오페이(주),9398800,0,5102078400,KRW
TX0558,A1,신한은행,주거래,2026-09-16,13:44:52,KT 통신요금,운영,0,655600,5101422800,KRW
TX0559,A1,신한은행,주거래,2026-09-16,14:06:20,정수기 렌탈료,운영,0,1652400,5099770400,KRW
TX0560,A1,신한은행,주거래,2026-09-16,14:13:22,(주)지마켓 정산,(주)지마켓,14829600,0,5114600000,KRW
TX0561,A1,신한은행,주거래,2026-09-16,14:28:13,(주)라온패키지 부자재대금,(주)라온패키지,0,20785600,5093814400,KRW
TX0562,A1,신한은행,주거래,2026-09-16,14:45:16,퀵서비스 요금,운영,0,1214000,5092600400,KRW
TX0563,A1,신한은행,주거래,2026-09-16,15:23:32,카카오페이(주) 정산,카카오페이(주),26675600,0,5119276000,KRW
TX0564,A1,신한은행,주거래,2026-09-16,15:29:26,고객 반품 환불,고객,0,242700,5119033300,KRW
TX0565,A1,신한은행,주거래,2026-09-16,15:47:18,샘플 발송비,운영,0,384200,5118649100,KRW
TX0566,A1,신한은행,주거래,2026-09-16,16:44:04,카카오페이(주) 정산,카카오페이(주),32855900,0,5151505000,KRW
TX0567,A1,신한은행,주거래,2026-09-17,09:57:21,(주)씨제이올리브영 대금,(주)씨제이올리브영,49451000,0,5200956000,KRW
TX0568,A1,신한은행,주거래,2026-09-17,10:22:39,네이버파이낸셜(주) 정산,네이버파이낸셜(주),22744900,0,5223700900,KRW
TX0569,A1,신한은행,주거래,2026-09-17,10:24:12,샘플 발송비,운영,0,631900,5223069000,KRW
TX0570,A1,신한은행,주거래,2026-09-17,10:55:36,식대 정산,운영,0,196200,5222872800,KRW
TX0571,A1,신한은행,주거래,2026-09-17,11:58:38,네이버파이낸셜(주) 정산,네이버파이낸셜(주),43062100,0,5265934900,KRW
TX0572,A2,하나은행,수출대금,2026-09-17,12:13:46,PAYPAL 해외정산,PAYPAL,2626700,0,291225887,KRW
TX0573,A1,신한은행,주거래,2026-09-17,13:19:53,택시·주차비 정산,운영,0,1586100,5264348800,KRW
TX0574,A1,신한은행,주거래,2026-09-17,13:21:47,고객 반품 환불,고객,0,233800,5264115000,KRW
TX0575,A1,신한은행,주거래,2026-09-17,14:37:35,네이버파이낸셜(주) 정산,네이버파이낸셜(주),13073200,0,5277188200,KRW
TX0576,A1,신한은행,주거래,2026-09-17,14:37:47,메타 광고비,광고,0,10306900,5266881300,KRW
TX0577,A1,신한은행,주거래,2026-09-17,14:44:53,(주)라온패키지 부자재대금,(주)라온패키지,0,16475400,5250405900,KRW
TX0578,A1,신한은행,주거래,2026-09-17,15:22:08,쿠팡(주) 정산,쿠팡(주),32961600,0,5283367500,KRW
TX0579,A1,신한은행,주거래,2026-09-17,17:09:28,(주)한진 택배비,(주)한진,0,3878300,5279489200,KRW
TX0580,A1,신한은행,주거래,2026-09-17,17:35:39,택시·주차비 정산,운영,0,399100,5279090100,KRW
TX0581,A1,신한은행,주거래,2026-09-18,10:21:18,디자인 외주비,운영,0,1067700,5278022400,KRW
TX0582,A1,신한은행,주거래,2026-09-18,10:52:23,고객 반품 환불,고객,0,165400,5277857000,KRW
TX0583,A1,신한은행,주거래,2026-09-18,10:57:42,(주)지마켓 정산,(주)지마켓,7905500,0,5285762500,KRW
TX0584,A1,신한은행,주거래,2026-09-18,12:00:38,CJ대한통운 운임,CJ대한통운,0,2680000,5283082500,KRW
TX0585,A1,신한은행,주거래,2026-09-18,12:33:45,고객 반품 환불,고객,0,205700,5282876800,KRW
TX0586,A1,신한은행,주거래,2026-09-18,12:38:46,쿠팡(주) 정산,쿠팡(주),17519900,0,5300396700,KRW
TX0587,A1,신한은행,주거래,2026-09-18,13:10:21,디자인 외주비,운영,0,832000,5299564700,KRW
TX0588,A1,신한은행,주거래,2026-09-18,13:22:42,샘플 발송비,운영,0,914700,5298650000,KRW
TX0589,A1,신한은행,주거래,2026-09-18,14:52:53,(주)씨제이올리브영 대금,(주)씨제이올리브영,48563800,0,5347213800,KRW
TX0590,A1,신한은행,주거래,2026-09-18,14:58:35,메타 광고비,광고,0,12361900,5334851900,KRW
TX0591,A1,신한은행,주거래,2026-09-18,15:52:37,나래코스텍(주) 제품매입,나래코스텍(주),0,40508600,5294343300,KRW
TX0592,A1,신한은행,주거래,2026-09-18,16:00:57,카카오페이(주) 정산,카카오페이(주),44708100,0,5339051400,KRW
TX0593,A1,신한은행,주거래,2026-09-18,16:15:25,(주)가람바이오 원료대금,(주)가람바이오,0,49525600,5289525800,KRW
TX0594,A1,신한은행,주거래,2026-09-18,16:39:33,쿠팡(주) 정산,쿠팡(주),32432500,0,5321958300,KRW
TX0595,A1,신한은행,주거래,2026-09-18,16:50:42,KT 통신요금,운영,0,174800,5321783500,KRW
TX0596,A4,IBK기업은행,운전자금,2026-09-21,08:30:00,대출이자 운전자금 15억,IBK기업은행,0,5429500,1138958200,KRW
TX0597,A1,신한은행,주거래,2026-09-21,09:25:00,계좌이체 급여·세금 계좌로,내부이체,0,220000000,5101783500,KRW
TX0598,A3,KB국민은행,급여·세금,2026-09-21,09:25:00,계좌이체 주거래 계좌에서,내부이체,220000000,0,587303400,KRW
TX0599,A1,신한은행,주거래,2026-09-21,10:02:37,쿠팡(주) 정산,쿠팡(주),22242000,0,5124025500,KRW
TX0600,A1,신한은행,주거래,2026-09-21,11:18:44,나래코스텍(주) 제품매입,나래코스텍(주),0,104137600,5019887900,KRW
TX0601,A1,신한은행,주거래,2026-09-21,11:23:26,(주)지마켓 정산,(주)지마켓,18565900,0,5038453800,KRW
TX0602,A1,신한은행,주거래,2026-09-21,12:03:54,샘플 발송비,운영,0,1589200,5036864600,KRW
TX0603,A2,하나은행,수출대금,2026-09-21,12:36:56,"SWIFT IN MAISON CLAIRE SAS EUR 5,333.07",MAISON CLAIRE SAS,8626906,0,299852793,KRW
TX0604,A1,신한은행,주거래,2026-09-21,13:20:07,사무용품 구입,운영,0,644100,5036220500,KRW
TX0605,A1,신한은행,주거래,2026-09-21,13:44:21,(주)라온패키지 부자재대금,(주)라온패키지,0,34494700,5001725800,KRW
TX0606,A1,신한은행,주거래,2026-09-21,13:44:56,(주)씨제이올리브영 대금,(주)씨제이올리브영,45799700,0,5047525500,KRW
TX0607,A2,하나은행,수출대금,2026-09-21,13:48:32,"SWIFT IN GLOW LAB GMBH EUR 5,590.54",GLOW LAB GMBH,9044265,0,308897058,KRW
TX0608,A1,신한은행,주거래,2026-09-21,14:44:28,샘플 발송비,운영,0,743400,5046782100,KRW
TX0609,A1,신한은행,주거래,2026-09-21,15:33:56,(주)한진 택배비,(주)한진,0,2948900,5043833200,KRW
TX0610,A1,신한은행,주거래,2026-09-21,16:37:47,고객 반품 환불,고객,0,131100,5043702100,KRW
TX0611,A1,신한은행,주거래,2026-09-21,17:14:41,(주)씨제이올리브영 대금,(주)씨제이올리브영,44008400,0,5087710500,KRW
TX0612,A1,신한은행,주거래,2026-09-21,17:52:55,네이버 검색광고,광고,0,5842400,5081868100,KRW
TX0613,A1,신한은행,주거래,2026-09-22,09:58:25,고객 반품 환불,고객,0,231800,5081636300,KRW
TX0614,A1,신한은행,주거래,2026-09-22,10:09:08,KT 통신요금,운영,0,308200,5081328100,KRW
TX0615,A1,신한은행,주거래,2026-09-22,10:48:34,카카오페이(주) 정산,카카오페이(주),14795900,0,5096124000,KRW
TX0616,A1,신한은행,주거래,2026-09-22,12:17:45,고객 반품 환불,고객,0,217100,5095906900,KRW
TX0617,A1,신한은행,주거래,2026-09-22,12:19:49,네이버파이낸셜(주) 정산,네이버파이낸셜(주),29863600,0,5125770500,KRW
TX0618,A1,신한은행,주거래,2026-09-22,12:41:59,사무용품 구입,운영,0,1404200,5124366300,KRW
TX0619,A1,신한은행,주거래,2026-09-22,12:45:23,퀵서비스 요금,운영,0,688000,5123678300,KRW
TX0620,A1,신한은행,주거래,2026-09-22,13:56:56,나래코스텍(주) 제품매입,나래코스텍(주),0,87817600,5035860700,KRW
TX0621,A2,하나은행,수출대금,2026-09-22,14:04:12,PAYPAL 해외정산,PAYPAL,5787500,0,314684558,KRW
TX0622,A1,신한은행,주거래,2026-09-22,15:28:52,쿠팡(주) 정산,쿠팡(주),27955800,0,5063816500,KRW
TX0623,A1,신한은행,주거래,2026-09-22,16:08:38,(주)무신사 정산,(주)무신사,18292500,0,5082109000,KRW
TX0624,A1,신한은행,주거래,2026-09-22,16:58:24,CJ대한통운 운임,CJ대한통운,0,6224100,5075884900,KRW
TX0625,A1,신한은행,주거래,2026-09-23,09:36:25,퀵서비스 요금,운영,0,1135400,5074749500,KRW
TX0626,A1,신한은행,주거래,2026-09-23,09:40:52,(주)한진 택배비,(주)한진,0,1152900,5073596600,KRW
TX0627,A1,신한은행,주거래,2026-09-23,10:07:14,네이버파이낸셜(주) 정산,네이버파이낸셜(주),53861400,0,5127458000,KRW
TX0628,A1,신한은행,주거래,2026-09-23,10:07:22,퀵서비스 요금,운영,0,1265000,5126193000,KRW
TX0629,A3,KB국민은행,급여·세금,2026-09-23,10:30:00,9월 급여 일괄이체 52명,임직원,0,216905000,370398400,KRW
TX0630,A2,하나은행,수출대금,2026-09-23,10:32:03,PAYPAL 해외정산,PAYPAL,6750600,0,321435158,KRW
TX0631,A1,신한은행,주거래,2026-09-23,10:57:15,택시·주차비 정산,운영,0,932700,5125260300,KRW
TX0632,A1,신한은행,주거래,2026-09-23,11:01:08,(주)가람바이오 원료대금,(주)가람바이오,0,106552200,5018708100,KRW
TX0633,A1,신한은행,주거래,2026-09-23,11:12:18,택시·주차비 정산,운영,0,1702800,5017005300,KRW
TX0634,A1,신한은행,주거래,2026-09-23,11:42:45,택시·주차비 정산,운영,0,1615400,5015389900,KRW
TX0635,A1,신한은행,주거래,2026-09-23,11:57:12,(주)씨제이올리브영 대금,(주)씨제이올리브영,48891900,0,5064281800,KRW
TX0636,A1,신한은행,주거래,2026-09-23,12:29:19,카카오페이(주) 정산,카카오페이(주),8493000,0,5072774800,KRW
TX0637,A1,신한은행,주거래,2026-09-23,13:57:55,고객 반품 환불,고객,0,261200,5072513600,KRW
TX0638,A1,신한은행,주거래,2026-09-23,14:10:48,쿠팡(주) 정산,쿠팡(주),53266500,0,5125780100,KRW
TX0639,A1,신한은행,주거래,2026-09-23,15:07:34,(주)씨제이올리브영 대금,(주)씨제이올리브영,10968400,0,5136748500,KRW
TX0640,A1,신한은행,주거래,2026-09-23,15:16:27,쿠팡(주) 정산,쿠팡(주),23324800,0,5160073300,KRW
TX0641,A1,신한은행,주거래,2026-09-23,15:57:23,디자인 외주비,운영,0,926600,5159146700,KRW
TX0642,A1,신한은행,주거래,2026-09-23,16:32:05,KT 통신요금,운영,0,1805600,5157341100,KRW
TX0643,A1,신한은행,주거래,2026-09-23,16:53:16,네이버 검색광고,광고,0,10796500,5146544600,KRW
TX0644,A1,신한은행,주거래,2026-09-23,17:31:03,식대 정산,운영,0,704700,5145839900,KRW
TX0645,A1,신한은행,주거래,2026-09-29,09:09:35,(주)무신사 정산,(주)무신사,29679100,0,5175519000,KRW
TX0646,A1,신한은행,주거래,2026-09-29,09:40:39,고객 반품 환불,고객,0,302600,5175216400,KRW
TX0647,A1,신한은행,주거래,2026-09-29,09:57:49,고객 반품 환불,고객,0,201700,5175014700,KRW
TX0648,A1,신한은행,주거래,2026-09-29,10:42:23,네이버파이낸셜(주) 정산,네이버파이낸셜(주),25073900,0,5200088600,KRW
TX0649,A1,신한은행,주거래,2026-09-29,10:57:59,택시·주차비 정산,운영,0,752100,5199336500,KRW
TX0650,A2,하나은행,수출대금,2026-09-29,11:48:01,"SWIFT IN LUMI SHOP LLC USD 6,602.27",LUMI SHOP LLC,9145950,0,330581108,KRW
TX0651,A1,신한은행,주거래,2026-09-29,11:52:31,(주)가람바이오 원료대금,(주)가람바이오,0,106831300,5092505200,KRW
TX0652,A1,신한은행,주거래,2026-09-29,12:46:37,샘플 발송비,운영,0,532400,5091972800,KRW
TX0653,A2,하나은행,수출대금,2026-09-29,13:57:44,"SWIFT IN COCO STORE KK JPY 1,109,186.00",COCO STORE KK,10430532,0,341011640,KRW
TX0654,A1,신한은행,주거래,2026-09-29,14:12:09,입금 김*수,미확인,3300000,0,5095272800,KRW
TX0655,A1,신한은행,주거래,2026-09-29,14:12:48,(주)지마켓 정산,(주)지마켓,22935800,0,5118208600,KRW
TX0656,A2,하나은행,수출대금,2026-09-29,14:13:33,"SWIFT IN TONE BEAUTE INC USD 20,151.43",TONE BEAUTE INC,27952184,0,368963824,KRW
TX0657,A1,신한은행,주거래,2026-09-29,14:16:08,퀵서비스 요금,운영,0,788300,5117420300,KRW
TX0658,A1,신한은행,주거래,2026-09-29,14:19:09,(주)무신사 정산,(주)무신사,44048700,0,5161469000,KRW
TX0659,A2,하나은행,수출대금,2026-09-29,14:45:31,"SWIFT IN VELVET SUPPLY KK JPY 938,828.00",VELVET SUPPLY KK,8825759,0,377789583,KRW
TX0660,A1,신한은행,주거래,2026-09-29,15:14:33,(주)지마켓 정산,(주)지마켓,27805800,0,5189274800,KRW
TX0661,A1,신한은행,주거래,2026-09-29,15:55:55,(주)지마켓 정산,(주)지마켓,19272200,0,5208547000,KRW
TX0662,A1,신한은행,주거래,2026-09-29,15:57:47,고객 반품 환불,고객,0,264500,5208282500,KRW
TX0663,A1,신한은행,주거래,2026-09-29,16:08:55,택시·주차비 정산,운영,0,1292300,5206990200,KRW
TX0664,A1,신한은행,주거래,2026-09-29,16:36:22,(주)무신사 정산,(주)무신사,15754700,0,5222744900,KRW
TX0665,A1,신한은행,주거래,2026-09-29,16:57:29,(주)라온패키지 부자재대금,(주)라온패키지,0,113212100,5109532800,KRW
TX0666,A1,신한은행,주거래,2026-09-29,17:47:26,(주)다온용기 부자재대금,(주)다온용기,0,89797200,5019735600,KRW
TX0667,A1,신한은행,주거래,2026-09-30,09:10:47,네이버파이낸셜(주) 정산,네이버파이낸셜(주),50374500,0,5070110100,KRW
TX0668,A1,신한은행,주거래,2026-09-30,09:58:24,고객 반품 환불,고객,0,44700,5070065400,KRW
TX0669,A1,신한은행,주거래,2026-09-30,10:13:41,정수기 렌탈료,운영,0,358700,5069706700,KRW
TX0670,A1,신한은행,주거래,2026-09-30,10:19:51,카카오페이(주) 정산,카카오페이(주),23723500,0,5093430200,KRW
TX0671,A2,하나은행,수출대금,2026-09-30,10:43:06,PAYPAL 해외정산,PAYPAL,7813600,0,385603183,KRW
TX0672,A1,신한은행,주거래,2026-09-30,10:43:15,정수기 렌탈료,운영,0,127200,5093303000,KRW
TX0673,A1,신한은행,주거래,2026-09-30,10:43:29,쿠팡(주) 정산,쿠팡(주),35798000,0,5129101000,KRW
TX0674,A1,신한은행,주거래,2026-09-30,10:56:35,사무용품 구입,운영,0,484000,5128617000,KRW
TX0675,A1,신한은행,주거래,2026-09-30,12:17:23,고객 반품 환불,고객,0,233500,5128383500,KRW
TX0676,A1,신한은행,주거래,2026-09-30,12:35:24,쿠팡(주) 정산,쿠팡(주),27706500,0,5156090000,KRW
TX0677,A1,신한은행,주거래,2026-09-30,12:36:43,쿠팡(주) 정산,쿠팡(주),26090700,0,5182180700,KRW
TX0678,A1,신한은행,주거래,2026-09-30,13:25:55,사무용품 구입,운영,0,1171100,5181009600,KRW
TX0679,A1,신한은행,주거래,2026-09-30,14:15:50,정수기 렌탈료,운영,0,1268900,5179740700,KRW
TX0680,A1,신한은행,주거래,2026-09-30,14:40:31,카카오페이(주) 정산,카카오페이(주),30666900,0,5210407600,KRW
TX0681,A1,신한은행,주거래,2026-09-30,15:17:46,나래코스텍(주) 제품매입,나래코스텍(주),0,57715600,5152692000,KRW
TX0682,A1,신한은행,주거래,2026-09-30,15:28:47,식대 정산,운영,0,95300,5152596700,KRW
TX0683,A1,신한은행,주거래,2026-09-30,15:30:00,계좌이체 수출대금 계좌에서,내부이체,308482500,0,5461079200,KRW
TX0684,A2,하나은행,수출대금,2026-09-30,15:30:00,계좌이체 주거래 계좌로,내부이체,0,308482500,77120683,KRW
TX0685,A1,신한은행,주거래,2026-09-30,16:12:25,쿠팡(주) 정산,쿠팡(주),40957700,0,5502036900,KRW
TX0686,A1,신한은행,주거래,2026-09-30,16:24:46,CJ대한통운 운임,CJ대한통운,0,6423300,5495613600,KRW
TX0687,A1,신한은행,주거래,2026-09-30,16:41:55,(주)한빛상사 반환,미확인,0,1870000,5493743600,KRW
TX0688,A1,신한은행,주거래,2026-09-30,16:52:09,고객 반품 환불,고객,0,286400,5493457200,KRW
