plan_id,due_date,direction,item,counterparty,amount,account_id
PLN-001,2026-10-01,입금,해외 바이어 회수 예정 GB-EX-2026-0117,SILKY SUPPLY LLC,25777172,A2
PLN-002,2026-10-02,입금,국내 판매 정산 예정,쿠팡·네이버 외,312000000,A1
PLN-003,2026-10-05,입금,해외 바이어 회수 예정 GB-EX-2026-0119,ROSE STORE INC,10256126,A2
PLN-004,2026-10-05,출금,(주)테헤란빌딩 임차료,(주)테헤란빌딩,38500000,A1
PLN-005,2026-10-06,출금,(주)가람바이오 원료대금,(주)가람바이오,186400000,A1
PLN-006,2026-10-08,출금,급여·세금 계좌 이체,내부이체,95000000,A1
PLN-007,2026-10-08,입금,해외 바이어 회수 예정 GB-EX-2026-0125,GLOW LAB GMBH,25355309,A2
PLN-008,2026-10-12,입금,해외 바이어 회수 예정 GB-EX-2026-0122,TONE BEAUTE INC,33201681,A2
PLN-009,2026-10-12,입금,해외 바이어 회수 예정 GB-EX-2026-0123,AURORA SHOP GMBH,16907889,A2
PLN-010,2026-10-12,출금,원천세·4대보험 납부,국세청·공단,64400000,A3
PLN-011,2026-10-14,출금,신한카드 결제대금,신한카드,63000000,A1
PLN-012,2026-10-14,입금,해외 바이어 회수 예정 GB-EX-2026-0124,BLOOM LAB SARL,10749077,A2
PLN-013,2026-10-21,출금,대출이자 운전자금 19억,IBK기업은행,7050000,A4
PLN-014,2026-10-23,출금,10월 급여 일괄이체,임직원,217000000,A3
PLN-015,2026-10-26,출금,부가가치세 2기 예정 납부(추정),국세청,148000000,A1
PLN-016,2026-10-26,입금,해외 바이어 회수 예정 GB-EX-2026-0127,COCO STORE KK,16416092,A2
PLN-017,2026-10-27,입금,해외 바이어 회수 예정 GB-EX-2026-0129,TONE BEAUTE INC,6469440,A2
PLN-018,2026-10-29,입금,해외 바이어 회수 예정 GB-EX-2026-0126,GLOW LAB GMBH,11713572,A2
PLN-019,2026-11-02,입금,해외 바이어 회수 예정 GB-EX-2026-0128,BLOOM RETAIL LLC,30477856,A2
PLN-020,2026-11-09,입금,해외 바이어 회수 예정 GB-EX-2026-0130,ROSE STORE INC,20738857,A2
